Symbol,Price~,"Exp Date",DTE,Type,Strike,Moneyness,Bid,Ask,Volume,"Open Int","OI Chg",Vol/OI,IV,Delta,Time
PLUG,2.22,2025-10-17,27,Call,2.50,-14.68%,0.18,0.19,16224,54469,"+51,727",0.3,123.65%,0.40917,2025-09-19
INTC,29.51,2025-10-17,27,Call,35.00,-18.32%,0.52,0.54,47772,47645,"+41,982",1,65.11%,0.197254,2025-09-19
MARA,17.67,2025-09-26,6,Call,20.50,-12.08%,0.2,0.22,1475,39575,"+38,313",0.04,92.87%,0.186038,2025-09-19
RKT,20.19,2025-09-26,6,Call,21.50,-4.83%,0.38,0.47,2515,38721,"+37,564",0.06,76.59%,0.335859,2025-09-19
RKT,20.19,2025-09-26,6,Put,19.50,-4.92%,0.34,0.39,584,50265,"+37,509",0.01,72.57%,-0.275579,2025-09-19
NVDA,175.5,2025-09-26,6,Call,190.00,-7.55%,0.15,0.16,27827,48795,"+32,497",0.57,33.41%,0.048417,2025-09-19
SMR,45.31,2025-09-26,6,Put,37.00,-20.89%,0.27,0.34,31658,32694,"+31,313",0.97,137.46%,-0.077595,2025-09-19
RGTI,26.52,2025-09-26,6,Put,24.00,-15.85%,0.61,0.67,3128,31172,"+31,123",0.1,161.69%,-0.173822,2025-09-19
RGTI,26.52,2025-09-26,6,Call,28.00,+1.82%,2.41,2.49,8261,30291,"+30,285",0.27,152.47%,0.57751,2025-09-19
INTC,29.51,2025-09-26,6,Call,35.00,-18.32%,0.12,0.14,32545,33386,"+30,284",0.97,93.29%,0.089574,2025-09-19
SMR,45.31,2025-09-26,6,Call,42.00,+10.20%,5.55,6,3687,32368,"+30,223",0.11,119.10%,0.783948,2025-09-19
SNAP,8.81,2025-09-26,6,Call,8.50,-4.17%,0.13,0.15,26968,44373,"+29,983",0.61,64.68%,0.32914,2025-09-19
MARA,17.67,2025-09-26,6,Call,19.00,-3.88%,0.44,0.46,8388,34336,"+29,813",0.24,79.54%,0.376182,2025-09-19
MSTR,337,2025-09-26,6,Call,375.00,-8.77%,1.85,1.94,36112,30677,"+29,776",1.18,59.44%,0.145409,2025-09-19
MARA,17.67,2025-09-26,6,Call,19.50,-6.62%,0.33,0.34,1620,28712,"+27,396",0.06,82.85%,0.293454,2025-09-19
MARA,17.67,2025-10-17,27,Call,22.00,-20.28%,0.62,0.63,14812,33855,"+26,843",0.44,88.79%,0.264053,2025-09-19
QS,13.05,2025-10-17,27,Call,11.00,+18.03%,3,3.1,4518,31030,"+26,312",0.15,115.51%,0.788235,2025-09-19
CLF,11.54,2025-10-17,27,Call,15.00,-29.20%,0.13,0.14,12077,29233,"+25,806",0.41,75.60%,0.127988,2025-09-19
NVDA,175.5,2025-09-26,6,Call,177.50,-0.47%,2.61,2.7,51140,51389,"+25,692",1,32.90%,0.470805,2025-09-19
OPEN,9.18,2025-09-26,6,Call,11.00,-14.94%,0.39,0.4,60649,36536,"+23,638",1.66,179.41%,0.312983,2025-09-19
COMP,8.27,2025-10-17,27,Call,10.00,-6.38%,0.45,0.5,3119,23413,"+22,404",0.13,71.52%,0.419005,2025-09-19
AI,17.74,2025-09-26,6,Call,18.50,-3.35%,0.28,0.31,902,37659,"+21,866",0.02,57.87%,0.345397,2025-09-19
BITF,3.1,2025-10-17,27,Call,4.00,-28.21%,0.34,0.39,3035,33672,"+21,729",0.09,188.86%,0.412658,2025-09-19
MARA,17.67,2025-09-26,6,Call,18.50,-1.15%,0.61,0.62,5005,26679,"+21,289",0.19,74.89%,0.474683,2025-09-19
NVDA,175.5,2025-10-17,27,Call,195.00,-10.38%,1.22,1.28,4113,63406,"+21,079",0.06,33.23%,0.155812,2025-09-19
MARA,17.67,2025-09-26,6,Call,20.00,-9.35%,0.26,0.27,7134,29789,"+20,899",0.24,88.62%,0.234626,2025-09-19
BITF,3.1,2026-01-16,118,Call,7.50,-140.38%,0.56,0.58,3711,62090,"+19,941",0.06,189.53%,0.39626,2025-09-19
NIO,7.34,2025-10-17,27,Put,7.00,-5.02%,0.44,0.47,689,24162,"+19,585",0.03,80.55%,-0.360685,2025-09-19
TSLA,431.4,2025-11-21,62,Call,500.00,-17.35%,20,20.15,5456,51163,"+19,047",0.11,62.45%,0.320853,2025-09-19
OPEN,9.18,2025-09-26,6,Put,9.00,-5.96%,0.49,0.51,14533,33989,"+17,763",0.43,158.96%,-0.342288,2025-09-19
NIO,7.34,2025-10-17,27,Call,8.00,-8.55%,0.46,0.47,12337,38202,"+17,492",0.32,87.02%,0.414982,2025-09-19
NVDA,175.5,2025-09-26,6,Call,185.00,-4.72%,0.47,0.5,46731,59134,"+17,483",0.79,31.74%,0.136851,2025-09-19
PLTR,180.35,2025-09-26,6,Call,182.50,-0.06%,4.6,4.75,17603,19169,"+17,310",0.92,49.75%,0.513401,2025-09-19
NIO,7.34,2025-10-17,27,Call,9.00,-22.12%,0.25,0.27,10460,35755,"+17,189",0.29,93.60%,0.25944,2025-09-19
RGTI,26.52,2025-09-26,6,Call,25.00,+12.34%,4.25,4.45,2710,17702,"+16,745",0.15,152.47%,0.780937,2025-09-19
RGTI,26.52,2025-09-26,6,Put,21.00,-26.37%,0.26,0.28,17372,17118,"+16,574",1.01,183.73%,-0.077808,2025-09-19
SOUN,16,2025-11-21,62,Call,19.00,-16.92%,2.01,2.03,12690,15636,"+15,551",0.81,110.50%,0.460178,2025-09-19
SHLS,7.34,2025-11-21,62,Call,8.00,-9.74%,0.9,0.95,2311,15344,"+15,344",0.15,96.38%,0.493046,2025-09-19
INTC,29.51,2025-09-26,6,Put,30.00,+1.42%,1.12,1.15,25940,15104,"+15,076",1.72,60.51%,-0.555034,2025-09-19
TSLA,431.4,2026-06-18,271,Call,960.00,-125.32%,13.35,13.55,29521,144088,"+15,047",0.2,65.94%,0.136574,2025-09-19
TSLA,431.4,2025-09-26,6,Put,320.00,-24.89%,0.26,0.27,6635,17892,"+14,412",0.37,103.43%,-0.012878,2025-09-19
BITF,3.1,2026-01-16,118,Call,5.00,-60.26%,0.82,0.85,10888,42772,"+14,267",0.25,183.23%,0.532159,2025-09-19
INTC,29.51,2025-09-26,6,Call,32.00,-8.18%,0.31,0.35,18139,14988,"+14,062",1.21,72.58%,0.213565,2025-09-19
TSLA,431.4,2026-06-18,271,Call,950.00,-122.97%,13.7,13.95,29866,125167,"+13,966",0.24,66.09%,0.141488,2025-09-19
NVDA,175.5,2025-09-26,6,Call,180.00,-1.88%,1.59,1.63,98711,64953,"+13,930",1.52,32.10%,0.33871,2025-09-19
SNAP,8.81,2025-10-10,20,Put,7.50,-8.09%,0.14,0.15,1133,14727,"+13,781",0.08,54.04%,-0.227681,2025-09-19
INTC,29.51,2026-01-16,118,Call,37.00,-25.08%,1.46,1.49,1104,43502,"+13,348",0.03,54.89%,0.294158,2025-09-19
GRAB,6.29,2025-10-10,20,Call,6.50,-1.72%,0.25,0.3,579,17071,"+13,083",0.03,57.48%,0.483259,2025-09-19
OPEN,9.18,2026-01-16,118,Call,21.00,-119.44%,1.55,1.61,4877,21855,"+12,997",0.22,172.93%,0.384192,2025-09-19
SNAP,8.81,2025-10-10,20,Put,8.00,-1.96%,0.32,0.34,1228,14668,"+12,878",0.08,56.09%,-0.40867,2025-09-19
AS,36.01,2025-10-17,27,Call,40.00,-6.81%,0.95,1.2,4144,13460,"+12,684",0.31,47.25%,0.33595,2025-09-19
CRWV,123.6,2025-09-26,6,Call,125.00,-0.11%,5.2,5.35,12475,15342,"+12,448",0.81,82.63%,0.519583,2025-09-19
JPM,309.44,2025-10-17,27,Call,335.00,-6.42%,1.84,2.07,609,12501,"+12,267",0.05,23.74%,0.183135,2025-09-19
DKNG,43.16,2025-12-19,90,Call,50.00,-15.07%,1.55,1.63,5883,34249,"+12,137",0.17,42.53%,0.304247,2025-09-19
INTC,29.51,2026-01-16,118,Call,45.00,-52.13%,0.68,0.7,2330,41938,"+12,130",0.06,60.39%,0.151129,2025-09-19
CRWV,123.6,2025-10-17,27,Call,135.00,-8.12%,7.05,7.35,3482,28148,"+11,716",0.12,80.46%,0.407962,2025-09-19
HTZ,6.81,2025-11-21,62,Call,7.00,-2.94%,1,1.05,13978,18823,"+11,663",0.74,100.10%,0.560919,2025-09-19
OSCR,18.79,2025-10-24,34,Call,18.50,+2.48%,2.2,2.25,2701,11622,"+11,542",0.23,86.66%,0.595572,2025-09-19
CORZ,16.34,2025-10-17,27,Call,20.00,-20.34%,0.29,0.32,13046,21122,"+11,122",0.62,68.12%,0.186893,2025-09-19
CRWV,123.6,2025-10-17,27,Call,145.00,-16.13%,4.6,4.75,1565,16927,"+11,094",0.09,82.50%,0.294566,2025-09-19
CRWV,123.6,2025-10-17,27,Call,140.00,-12.13%,5.75,5.9,7490,15952,"+10,824",0.47,82.12%,0.349564,2025-09-19
INTC,29.51,2025-09-26,6,Call,33.00,-11.56%,0.23,0.25,11875,11462,"+10,723",1.04,80.39%,0.157209,2025-09-19
AMZN,230.9,2025-10-17,27,Call,245.00,-5.84%,2.23,2.28,14199,26467,"+10,450",0.54,26.38%,0.238611,2025-09-19
ZVRA,7.66,2026-01-16,118,Call,14.00,-82.53%,0,0.4,600,10361,"+10,356",0.06,94.18%,0.202778,2025-09-19
ZVRA,7.66,2026-01-16,118,Call,9.00,-17.34%,1.4,1.5,929,10357,"+10,338",0.09,108.32%,0.527692,2025-09-19
CRWV,123.6,2025-09-26,6,Put,110.00,-11.90%,0.92,1,2108,16353,"+10,319",0.13,90.62%,-0.124176,2025-09-19
HTZ,6.81,2025-10-17,27,Call,9.00,-32.35%,0.15,0.2,976,42131,"+10,232",0.02,95.96%,0.175857,2025-09-19
SMR,45.31,2025-09-26,6,Call,41.00,+12.34%,6.1,7.2,12273,11805,"+10,192",1.04,121.63%,0.823031,2025-09-19
WOLF,2.17,2025-10-17,27,Call,2.00,+10.31%,0.39,0.47,17349,60597,"+10,098",0.29,116.35%,0.695809,2025-09-19
PLTR,180.35,2025-09-26,6,Put,160.00,-12.28%,0.39,0.43,8496,15071,"+10,093",0.56,67.77%,-0.059559,2025-09-19
SMR,45.31,2025-09-26,6,Put,36.00,-23.03%,0.19,0.33,10215,10375,"+10,089",0.98,134.97%,-0.054493,2025-09-19
SMCI,45.41,2025-10-17,27,Put,30.00,-34.51%,0.18,0.25,12515,20865,"+10,077",0.6,99.91%,-0.044142,2025-09-19
AI,17.74,2025-09-26,6,Call,19.00,-6.15%,0.17,0.2,1188,16042,"+10,076",0.07,62.69%,0.244147,2025-09-19
MRNA,25.03,2025-09-26,6,Call,27.50,-8.95%,0.23,0.29,5038,10201,"+10,070",0.49,72.61%,0.192934,2025-09-19
CNK,27.61,2026-01-16,118,Put,24.00,-13.07%,0.85,0.95,771,20862,"+9,987",0.04,40.53%,-0.223634,2025-09-19
VALE,10.92,2025-12-19,90,Call,11.00,-1.29%,0.52,0.57,551,58666,"+9,972",0.01,31.54%,0.464175,2025-09-19
NVDA,175.5,2025-10-17,27,Call,190.00,-7.55%,2.02,2.09,8370,52232,"+9,955",0.16,33.13%,0.233622,2025-09-19
PLTR,180.35,2025-09-26,6,Call,180.00,+1.31%,5.95,6.1,29959,18355,"+9,662",1.63,50.90%,0.597044,2025-09-19
BAC,51.87,2025-10-17,27,Call,55.00,-5.26%,0.51,0.55,6612,19057,"+9,628",0.35,25.82%,0.250371,2025-09-19
NIO,7.34,2027-01-15,482,Call,7.00,+5.02%,2.61,2.64,1193,39477,"+9,598",0.03,72.11%,0.703387,2025-09-19
BYND,2.8,2025-10-17,27,Put,4.00,+41.34%,1.3,1.36,2002,19668,"+9,539",0.1,165.10%,-0.706877,2025-09-19
SOUN,16,2025-10-17,27,Call,17.00,-4.62%,1.42,1.43,11582,16636,"+9,378",0.7,97.81%,0.490187,2025-09-19
COIN,333.64,2025-09-26,6,Call,360.00,-5.12%,4.45,4.7,3424,10148,"+9,051",0.34,62.76%,0.28374,2025-09-19
KVUE,17.58,2025-10-17,27,Call,22.00,-19.96%,0.17,0.2,15615,43712,"+8,877",0.36,57.15%,0.136744,2025-09-19
MSTR,337,2025-09-26,6,Call,370.00,-7.32%,2.4,2.6,8469,10814,"+8,726",0.78,57.82%,0.182222,2025-09-19
CLSK,13.16,2025-10-17,27,Call,15.00,-10.13%,0.89,0.91,9616,11356,"+8,710",0.85,95.94%,0.41013,2025-09-19
OKLO,131.24,2025-09-26,6,Put,97.00,-28.27%,0.85,1.16,8963,8574,"+8,572",1.05,179.63%,-0.059289,2025-09-19
FHN,23.1,2025-10-17,27,Put,24.00,+3.90%,1.35,1.45,765,8500,"+8,499",0.09,33.06%,-0.644047,2025-09-19
OKLO,131.24,2025-09-26,6,Call,109.00,+19.40%,27.3,29.15,8621,8484,"+8,481",1.02,179.70%,0.854129,2025-09-19
RKLB,47.54,2025-09-26,6,Call,50.00,-4.62%,1.16,1.22,3014,17731,"+8,381",0.17,84.52%,0.360731,2025-09-19
NIO,7.34,2025-09-26,6,Call,8.00,-8.55%,0.21,0.22,14955,24926,"+8,366",0.6,119.11%,0.324136,2025-09-19
RKLB,47.54,2025-09-26,6,Put,44.00,-7.93%,0.5,0.56,793,15317,"+8,281",0.05,78.02%,-0.18877,2025-09-19
INTC,29.51,2025-10-17,27,Call,38.00,-28.47%,0.29,0.31,10500,13966,"+8,261",0.75,70.91%,0.116431,2025-09-19
AMD,157.32,2025-09-26,6,Call,165.00,-4.84%,1.25,1.29,22288,14882,"+8,229",1.5,47.88%,0.233628,2025-09-19
KOPN,2.73,2025-10-17,27,Call,3.00,-11.52%,0.35,0.4,9681,21722,"+8,085",0.45,165.77%,0.49624,2025-09-19
INTC,29.51,2025-09-26,6,Put,31.00,+4.80%,1.86,1.9,6835,7971,"+7,970",0.86,65.51%,-0.695962,2025-09-19
MRVL,73.23,2025-12-19,90,Call,80.00,-7.73%,6.1,6.2,1759,12887,"+7,890",0.14,55.59%,0.460391,2025-09-19
CLSK,13.16,2025-09-26,6,Call,13.00,+4.55%,0.95,1,7241,8719,"+7,881",0.83,89.61%,0.680542,2025-09-19
XYZ,76.51,2025-09-26,6,Call,79.00,-2.56%,0.86,0.92,643,8086,"+7,831",0.08,41.47%,0.331743,2025-09-19
PFE,24.36,2025-10-17,27,Call,26.00,-8.20%,0.08,0.1,570,38756,"+7,798",0.01,25.15%,0.125931,2025-09-19
MSTR,337,2025-09-26,6,Call,400.00,-16.03%,0.61,0.65,5824,14378,"+7,762",0.41,68.30%,0.049926,2025-09-19
GRAB,6.29,2026-01-16,118,Call,10.00,-56.49%,0.2,0.25,2554,61069,"+7,706",0.04,68.19%,0.17678,2025-09-19
JD,34.82,2026-01-16,118,Call,40.00,-13.96%,2.51,2.55,41543,338080,"+7,700",0.12,57.42%,0.376223,2025-09-19
HOOD,123.55,2025-10-17,27,Call,140.00,-12.20%,2.83,2.93,13305,16846,"+7,643",0.79,57.71%,0.262874,2025-09-19
CLSK,13.16,2025-09-26,6,Call,12.50,+8.22%,1.23,1.34,7959,8681,"+7,638",0.92,81.57%,0.810489,2025-09-19
HIMS,57.14,2025-09-26,6,Call,58.00,-0.31%,2.38,2.52,2247,8371,"+7,606",0.27,83.42%,0.512391,2025-09-19
MARA,17.67,2025-09-26,6,Put,16.50,-9.79%,0.11,0.13,544,12704,"+7,600",0.04,75.08%,-0.130321,2025-09-19
HOOD,123.55,2025-09-26,6,Put,115.00,-7.84%,0.75,0.81,4860,9426,"+7,579",0.52,62.24%,-0.142123,2025-09-19
COIN,333.64,2025-09-26,6,Call,400.00,-16.80%,0.9,0.95,3866,8503,"+7,470",0.45,77.38%,0.065675,2025-09-19
NVDA,175.5,2025-10-31,41,Call,195.00,-10.38%,2.38,2.43,633,8351,"+7,408",0.08,33.89%,0.220344,2025-09-19
PLTR,180.35,2025-09-26,6,Call,192.50,-5.54%,1.42,1.47,11917,8188,"+7,394",1.46,51.07%,0.217557,2025-09-19
CRWV,123.6,2025-10-17,27,Call,160.00,-28.14%,2.39,2.45,12785,10199,"+7,370",1.25,84.92%,0.172483,2025-09-19
HIMS,57.14,2025-09-26,6,Put,51.00,-11.80%,0.38,0.51,751,7992,"+7,244",0.09,88.34%,-0.120883,2025-09-19
RIOT,17.05,2025-09-26,6,Call,19.00,-8.82%,0.25,0.28,3700,8364,"+7,242",0.44,87.64%,0.245151,2025-09-19
NEE,71.19,2028-01-21,853,Call,105.00,-47.72%,2.35,2.7,866,7252,"+7,238",0.12,25.43%,0.202226,2025-09-19
PLTR,180.35,2025-09-26,6,Call,190.00,-4.17%,1.95,2.01,45438,12966,"+7,231",3.5,50.81%,0.279606,2025-09-19
HOOD,123.55,2025-09-26,6,Call,135.00,-8.19%,0.79,0.87,7120,14258,"+7,223",0.5,60.27%,0.165784,2025-09-19
CLSK,13.16,2025-12-19,90,Call,14.00,-2.79%,2.22,2.29,633,10961,"+7,213",0.06,88.09%,0.570857,2025-09-19
BAC,51.87,2025-10-17,27,Call,52.50,-0.48%,1.47,1.51,3948,28600,"+7,204",0.14,27.36%,0.497228,2025-09-19
HOOD,123.55,2025-09-26,6,Call,129.00,-3.38%,2.02,2.2,1020,7364,"+7,100",0.14,57.45%,0.342686,2025-09-19
WBD,19.43,2025-10-03,13,Call,20.00,-3.47%,0.69,0.83,5406,9609,"+7,087",0.56,75.83%,0.438089,2025-09-19
PLUG,2.22,2026-03-20,181,Call,3.50,-60.55%,0.31,0.36,15780,7915,"+7,053",1.99,111.51%,0.426088,2025-09-19
INTC,29.51,2025-09-26,6,Call,31.00,-4.80%,0.47,0.48,20709,8554,"+7,033",2.42,66.85%,0.308719,2025-09-19
DPRO,5.96,2026-01-16,118,Call,5.00,+18.43%,1.25,1.5,1038,20342,"+7,032",0.05,54.82%,0.802759,2025-09-19
INTC,29.51,2025-10-10,20,Call,26.00,+12.10%,3.85,3.95,510,9040,"+6,934",0.06,54.76%,0.859552,2025-09-19
SOUN,16,2025-11-21,62,Call,20.00,-23.08%,1.77,1.82,2248,7468,"+6,927",0.3,112.35%,0.420129,2025-09-19
U,45.6,2025-09-26,6,Call,55.00,-19.44%,0.14,0.15,9515,20414,"+6,893",0.47,88.38%,0.06622,2025-09-19
WOLF,2.17,2025-10-10,20,Put,1.00,-55.16%,0.31,0.32,8909,31682,"+6,886",0.28,584.04%,-0.101743,2025-09-19
INTC,29.51,2025-10-03,13,Put,31.00,+4.80%,2.11,2.14,5851,6765,"+6,763",0.86,57.59%,-0.644584,2025-09-19
JD,34.82,2026-03-20,181,Call,40.00,-13.96%,3.35,3.4,15017,45345,"+6,752",0.33,57.01%,0.40877,2025-09-19
MRNA,25.03,2025-09-26,6,Call,27.00,-6.97%,0.33,0.4,3270,8542,"+6,741",0.38,73.83%,0.255484,2025-09-19
AMZN,230.9,2025-10-03,13,Call,240.00,-3.68%,1.71,1.79,23167,20742,"+6,738",1.12,26.82%,0.255096,2025-09-19
INTC,29.51,2025-09-26,6,Put,27.50,-7.03%,0.17,0.19,3623,6735,"+6,725",0.54,56.72%,-0.148089,2025-09-19
GRAB,6.29,2026-04-17,209,Call,10.00,-56.49%,0.3,0.4,10874,26134,"+6,683",0.42,63.87%,0.2611,2025-09-19
MU,162.62,2025-10-17,27,Call,240.00,-47.48%,0.53,0.8,1218,6605,"+6,605",0.18,82.27%,0.053564,2025-09-19
HOOD,123.55,2025-10-10,20,Put,80.00,-35.89%,0.02,0.13,3589,7113,"+6,550",0.5,88.06%,-0.011601,2025-09-19
CLSK,13.16,2025-09-26,6,Call,14.50,-6.46%,0.36,0.38,683,6940,"+6,536",0.1,102.26%,0.342146,2025-09-19
EFC,13.2,2025-10-17,27,Put,12.50,-5.09%,0.15,0.2,1060,8870,"+6,488",0.12,32.28%,-0.259821,2025-09-19
INTC,29.51,2025-09-26,6,Put,28.50,-3.65%,0.41,0.43,5256,6484,"+6,409",0.81,57.00%,-0.290823,2025-09-19
NVDA,175.5,2025-10-31,41,Call,185.00,-4.72%,5,5.1,966,8746,"+6,393",0.11,34.45%,0.38181,2025-09-19
AAPL,247.58,2025-09-26,6,Call,237.50,+3.26%,8.55,8.75,9640,10155,"+6,381",0.95,22.23%,0.884726,2025-09-19
COIN,333.64,2025-09-26,6,Call,380.00,-10.96%,1.89,2,2373,7260,"+6,377",0.33,69.10%,0.130971,2025-09-19
K,77.38,2025-11-21,62,Put,77.50,+0.16%,0.05,3.8,599,6480,"+6,370",0.09,15.87%,-0.48515,2025-09-19
NVDA,175.5,2025-09-26,6,Call,182.50,-3.30%,0.9,0.94,29497,31083,"+6,296",0.95,31.91%,0.224833,2025-09-19
CMG,39.15,2025-10-31,41,Call,42.00,-6.82%,1.41,1.5,2648,11592,"+6,277",0.23,46.51%,0.376437,2025-09-19
FLNC,9.47,2025-10-17,27,Call,9.00,+3.85%,1.05,1.2,7476,6682,"+6,255",1.12,90.98%,0.616077,2025-09-19
PYPL,67.88,2025-09-26,6,Call,71.00,-4.08%,0.28,0.29,2135,8808,"+6,202",0.24,33.38%,0.185304,2025-09-19
MSTR,337,2025-10-10,20,Call,400.00,-16.03%,3.3,3.6,1766,8022,"+6,144",0.22,56.91%,0.15117,2025-09-19
AAL,12.41,2026-05-15,237,Put,12.00,-3.61%,1.39,1.42,1527,6132,"+6,132",0.25,42.48%,-0.38119,2025-09-19
MU,162.62,2025-09-26,6,Put,155.00,-4.75%,4.55,4.7,3152,8124,"+6,113",0.39,97.38%,-0.32387,2025-09-19
MU,162.62,2025-09-26,6,Put,157.50,-3.21%,5.6,5.75,963,6620,"+6,102",0.15,98.57%,-0.372138,2025-09-19
MARA,17.67,2025-09-26,6,Call,21.00,-14.82%,0.17,0.18,5755,7243,"+6,102",0.79,97.87%,0.150842,2025-09-19
NVDA,175.5,2025-09-26,6,Put,177.50,+0.47%,3.35,3.45,16257,10858,"+6,088",1.5,33.09%,-0.530553,2025-09-19
PANW,207.28,2025-09-26,6,Put,207.50,-0.33%,2.65,2.77,875,6095,"+6,079",0.14,29.20%,-0.451206,2025-09-19
WOLF,2.17,2025-10-03,13,Call,2.00,+10.31%,0.35,0.45,8607,18062,"+6,062",0.48,195.88%,0.685633,2025-09-19
CRWV,123.6,2025-09-26,6,Call,130.00,-4.12%,3.35,3.4,31800,10593,"+5,931",3,84.95%,0.378484,2025-09-19
LULU,168.65,2025-09-26,6,Put,170.00,+0.22%,3.4,3.55,956,6467,"+5,867",0.15,38.14%,-0.504014,2025-09-19
GRAB,6.29,2025-10-17,27,Call,7.00,-9.55%,0.2,0.25,4017,33560,"+5,857",0.12,64.39%,0.339127,2025-09-19
LULU,168.65,2025-09-26,6,Put,162.50,-4.20%,0.82,0.89,1620,6223,"+5,854",0.26,38.67%,-0.183355,2025-09-19
OPEN,9.18,2026-01-16,118,Call,12.00,-25.39%,2.63,2.72,870,14670,"+5,843",0.06,158.16%,0.58413,2025-09-19
CMG,39.15,2026-01-16,118,Call,40.40,-2.75%,3.15,3.25,1549,15729,"+5,822",0.1,39.06%,0.519072,2025-09-19
MU,162.62,2025-10-17,27,Call,190.00,-16.76%,3.4,3.5,1421,8318,"+5,758",0.17,65.78%,0.22361,2025-09-19
RBRK,80.18,2025-10-17,27,Call,85.00,-5.95%,3.1,3.4,1914,7950,"+5,732",0.24,58.69%,0.396658,2025-09-19
MARA,17.67,2025-09-26,6,Put,17.00,-7.05%,0.19,0.2,1687,12418,"+5,634",0.14,72.66%,-0.200831,2025-09-19
NVDA,175.5,2025-10-17,27,Call,180.00,-1.88%,5.15,5.25,18995,73054,"+5,609",0.26,33.59%,0.450689,2025-09-19
ETNB,14.92,2025-12-19,90,Call,15.00,-0.87%,0.1,0.15,1032,5967,"+5,553",0.17,3.07%,0.535904,2025-09-19
K,77.38,2025-11-21,62,Put,70.00,-9.54%,0,2.8,716,5509,"+5,455",0.13,31.87%,-0.198736,2025-09-19
MRVL,73.23,2025-10-17,27,Call,80.00,-7.73%,2.17,2.24,3079,16234,"+5,451",0.19,53.48%,0.337579,2025-09-19
NVDA,175.5,2025-09-26,6,Call,187.50,-6.13%,0.26,0.27,24405,23086,"+5,419",1.06,32.16%,0.080003,2025-09-19
INTC,29.51,2025-09-26,6,Put,28.00,-5.34%,0.27,0.28,8608,5561,"+5,409",1.55,56.77%,-0.212973,2025-09-19
BMNR,58.64,2025-11-21,62,Call,65.00,-6.05%,11.65,11.85,12013,18578,"+5,365",0.65,130.26%,0.568366,2025-09-19
IBM,265.6,2025-09-26,6,Call,275.00,-3.23%,1.32,1.6,947,5632,"+5,360",0.17,32.45%,0.230879,2025-09-19
INTC,29.51,2025-12-19,90,Call,32.00,-8.18%,2.25,2.29,1032,23666,"+5,348",0.04,54.06%,0.443651,2025-09-19
AAPL,247.58,2025-09-26,6,Call,242.50,+1.22%,4.65,4.8,62311,10975,"+5,340",5.68,23.19%,0.673636,2025-09-19
MU,162.62,2025-09-26,6,Put,160.00,-1.68%,6.75,6.9,6404,8378,"+5,321",0.76,98.90%,-0.420263,2025-09-19
INTC,29.51,2026-01-16,118,Call,34.00,-14.94%,1.96,2.09,590,6021,"+5,317",0.1,52.57%,0.383438,2025-09-19
SMCI,45.41,2025-09-26,6,Call,55.00,-20.06%,0.11,0.13,2842,6313,"+5,309",0.45,86.95%,0.057302,2025-09-19
HOOD,123.55,2025-10-17,27,Call,150.00,-20.21%,1.44,1.51,7017,9540,"+5,292",0.74,59.61%,0.150399,2025-09-19
HOOD,123.55,2025-09-26,6,Call,127.00,-1.78%,2.68,2.83,10268,5759,"+5,272",1.78,57.86%,0.424235,2025-09-19
INTC,29.51,2025-09-26,6,Put,29.00,-1.96%,0.58,0.6,19381,5256,"+5,249",3.69,57.69%,-0.378286,2025-09-19
WBD,19.43,2025-10-17,27,Call,22.00,-13.81%,0.47,0.58,7205,42940,"+5,244",0.17,69.17%,0.282068,2025-09-19
DDD,2.43,2025-10-17,27,Call,2.50,-2.04%,0.3,0.35,1001,5880,"+5,226",0.17,135.27%,0.554772,2025-09-19
AMZN,230.9,2025-09-26,6,Put,230.00,-0.64%,2.3,2.54,17173,8708,"+5,185",1.97,27.10%,-0.413445,2025-09-19
AMD,157.32,2025-09-26,6,Put,152.50,-3.11%,1.67,1.71,4061,7837,"+5,113",0.52,45.86%,-0.282032,2025-09-19
BITF,3.1,2025-10-10,20,Call,3.50,-12.18%,0.4,0.43,747,5985,"+5,083",0.12,188.59%,0.486326,2025-09-19
RGTI,26.52,2025-10-03,13,Put,17.00,-40.39%,0.15,0.2,935,5448,"+5,033",0.17,179.26%,-0.04431,2025-09-19
MSFT,515.1,2025-10-03,13,Call,540.00,-4.26%,1.13,1.24,904,15692,"+5,003",0.06,19.04%,0.134123,2025-09-19
INTC,29.51,2025-10-10,20,Call,35.00,-18.32%,0.37,0.41,1661,5121,"+4,971",0.32,68.13%,0.166797,2025-09-19
INTC,29.51,2025-09-26,6,Put,32.00,+8.18%,2.7,2.77,2406,4956,"+4,953",0.49,70.96%,-0.792964,2025-09-19
OPEN,9.18,2025-10-24,34,Call,21.00,-119.44%,0.43,0.46,3923,5563,"+4,917",0.71,205.88%,0.176088,2025-09-19
MRVL,73.23,2025-10-17,27,Call,75.00,-1.00%,3.85,4,1491,19896,"+4,838",0.07,52.30%,0.50875,2025-09-19
UEC,12.36,2025-10-17,27,Call,14.00,-13.36%,0.55,0.7,2015,9294,"+4,806",0.22,91.28%,0.356387,2025-09-19
OPEN,9.18,2025-09-26,6,Call,10.50,-9.72%,0.47,0.49,102709,11975,"+4,805",8.58,171.00%,0.378199,2025-09-19
GGAL,27.57,2025-11-21,62,Put,25.00,-5.48%,2.7,4.5,3084,11019,"+4,747",0.28,98.42%,-0.362789,2025-09-19
UPST,67.09,2025-09-26,6,Put,45.00,-33.72%,0.01,0.1,4119,6360,"+4,715",0.65,147.79%,-0.011655,2025-09-19
AAPL,247.58,2026-03-20,181,Put,220.00,-10.39%,6.6,6.75,2413,12145,"+4,694",0.2,26.75%,-0.226418,2025-09-19
CLSK,13.16,2025-10-17,27,Call,12.00,+11.89%,2.17,2.21,825,20243,"+4,662",0.04,86.19%,0.748939,2025-09-19
WOLF,2.17,2025-10-17,27,Put,2.50,+12.11%,1.7,1.79,1549,31649,"+4,647",0.05,738.03%,-0.171744,2025-09-19
SMR,45.31,2025-10-17,27,Call,50.00,-6.91%,4.5,4.55,10010,7491,"+4,617",1.34,113.71%,0.479673,2025-09-19
GRAB,6.29,2027-12-17,818,Call,7.00,-9.55%,2.05,2.1,852,87045,"+4,600",0.01,56.59%,0.658665,2025-09-19
BEEM,2.64,2026-02-20,153,Call,5.00,-82.48%,0.25,0.3,622,4797,"+4,567",0.13,111.05%,0.325965,2025-09-19
GOOGL,253.37,2025-09-26,6,Call,260.00,-2.07%,1.89,1.95,5033,7715,"+4,561",0.65,30.20%,0.310744,2025-09-19
AMD,157.32,2025-09-26,6,Call,160.00,-1.66%,2.6,2.67,29552,9891,"+4,534",2.99,46.44%,0.407273,2025-09-19
NTLA,15.67,2025-10-17,27,Call,17.50,-12.25%,0.8,0.9,829,5915,"+4,522",0.14,91.41%,0.371554,2025-09-19
OPEN,9.18,2025-09-26,6,Put,10.00,+4.49%,1.07,1.09,16622,9910,"+4,494",1.68,168.48%,-0.537045,2025-09-19
RGTI,26.52,2025-10-17,27,Put,23.00,-19.35%,1.5,1.56,1424,4451,"+4,408",0.32,133.00%,-0.21673,2025-09-19
QCOM,166.1,2025-09-26,6,Call,175.00,-4.88%,0.38,0.43,1243,4991,"+4,387",0.25,31.39%,0.123809,2025-09-19
LAES,4.21,2027-01-15,482,Call,4.00,+6.76%,1.2,1.35,958,7877,"+4,366",0.12,59.05%,0.695988,2025-09-19
OKLO,131.24,2025-09-26,6,Call,110.00,+18.66%,26.6,28.65,5941,5212,"+4,325",1.14,179.18%,0.845405,2025-09-19
INTC,29.51,2025-09-26,6,Put,27.00,-8.72%,0.12,0.13,5827,4417,"+4,277",1.32,60.84%,-0.112313,2025-09-19
CIFR,12.75,2025-12-19,90,Call,21.00,-71.01%,1.13,1.37,1619,19288,"+4,274",0.08,137.35%,0.333176,2025-09-19
CMG,39.15,2026-01-16,118,Call,52.00,-32.25%,0.62,0.7,521,6113,"+4,263",0.09,41.06%,0.152771,2025-09-19
CLSK,13.16,2025-10-03,13,Call,15.00,-10.13%,0.51,0.55,4636,4370,"+4,260",1.06,99.02%,0.339127,2025-09-19
PLTR,180.35,2025-09-26,6,Call,187.50,-2.80%,2.65,2.72,24019,8815,"+4,254",2.72,50.12%,0.349433,2025-09-19
CMG,39.15,2025-10-17,27,Put,37.50,-4.63%,0.59,0.69,1236,25240,"+4,220",0.05,34.43%,-0.280272,2025-09-19
UAMY,6.51,2025-10-17,27,Call,5.00,+22.96%,1.55,1.75,982,16912,"+4,214",0.06,107.26%,0.853381,2025-09-19
WOLF,2.17,2025-10-17,27,Call,3.50,-56.95%,0.15,0.22,4993,28893,"+4,167",0.17,194.49%,0.280373,2025-09-19
MSTR,337,2025-09-26,6,Put,250.00,-27.48%,0.45,0.48,4168,11455,"+4,160",0.36,129.28%,-0.021404,2025-09-19
ACHR,9.79,2025-10-17,27,Call,10.00,-1.42%,0.79,0.8,7636,38094,"+4,142",0.2,79.45%,0.522967,2025-09-19
PLTR,180.35,2025-09-26,6,Put,165.00,-9.53%,0.61,0.64,6184,6584,"+4,127",0.94,60.97%,-0.091881,2025-09-19
OKLO,131.24,2025-09-26,6,Put,98.00,-27.53%,0.93,1.02,4275,4101,"+4,093",1.04,178.00%,-0.063255,2025-09-19
PDD,128.64,2025-09-26,6,Put,125.00,-3.45%,0.58,0.73,1556,6781,"+4,075",0.23,35.65%,-0.210283,2025-09-19
SOFI,29.33,2025-10-17,27,Call,28.00,+5.12%,2.78,2.82,4614,22282,"+4,027",0.21,61.22%,0.662026,2025-09-19
AAPL,247.58,2025-09-26,6,Call,240.00,+2.24%,6.4,6.65,37728,18911,"+4,000",2,23.23%,0.787282,2025-09-19
CCJ,85.81,2025-10-17,27,Call,95.00,-10.23%,1.92,1.99,2982,11276,"+3,997",0.26,52.46%,0.276739,2025-09-19
INTC,29.51,2025-10-03,13,Call,35.00,-18.32%,0.25,0.27,6489,4039,"+3,982",1.61,73.79%,0.128762,2025-09-19
SOFI,29.33,2025-10-17,27,Put,26.00,-11.89%,0.6,0.62,9157,7753,"+3,962",1.18,62.83%,-0.19959,2025-09-19
INTC,29.51,2025-11-21,62,Put,25.00,-15.48%,0.64,0.67,28265,8231,"+3,953",3.43,50.70%,-0.17636,2025-09-19
OWL,18.75,2025-11-21,62,Call,20.00,-5.82%,0.55,0.85,1029,10128,"+3,950",0.1,33.48%,0.362444,2025-09-19
ETNB,14.92,2025-11-21,62,Put,14.00,-5.85%,0.05,0.1,833,3937,"+3,937",0.21,17.54%,-0.169526,2025-09-19
INTC,29.51,2025-10-17,27,Put,30.00,+1.42%,1.86,1.89,5985,4379,"+3,934",1.37,52.40%,-0.50649,2025-09-19
RIVN,14.33,2025-10-17,27,Call,16.00,-11.27%,0.48,0.51,3344,19919,"+3,927",0.17,67.80%,0.319375,2025-09-19
INTC,29.51,2026-03-20,181,Call,32.00,-8.18%,3.4,3.45,627,21571,"+3,921",0.03,51.71%,0.493956,2025-09-19
INTC,29.51,2025-10-17,27,Put,25.00,-15.48%,0.23,0.24,4152,10642,"+3,919",0.39,53.78%,-0.108209,2025-09-19
GOOGL,253.37,2025-09-26,6,Call,255.00,-0.11%,3.8,3.9,10538,7529,"+3,919",1.4,30.36%,0.503217,2025-09-19
SOFI,29.33,2025-09-26,6,Put,26.00,-11.89%,0.1,0.11,3137,8193,"+3,909",0.38,74.11%,-0.082707,2025-09-19
LDI,3.7,2027-01-15,482,Call,5.00,-34.41%,1.55,1.65,3220,4614,"+3,903",0.7,232.24%,0.574315,2025-09-19
HPE,24.86,2025-09-26,6,Call,25.50,-2.04%,0.22,0.25,636,7240,"+3,901",0.09,34.58%,0.335259,2025-09-19
NVDA,175.5,2025-09-26,6,Put,175.00,-0.95%,2.31,2.4,41741,15158,"+3,884",2.75,34.82%,-0.401977,2025-09-19
MSTR,337,2025-09-26,6,Put,340.00,-1.38%,7.15,7.65,10907,5007,"+3,882",2.18,55.14%,-0.40517,2025-09-19
WBD,19.43,2025-12-19,90,Call,22.00,-13.81%,0.99,1.4,4361,9152,"+3,855",0.48,50.45%,0.362598,2025-09-19
WULF,10.81,2026-01-16,118,Call,16.00,-45.72%,0.85,0.89,1261,11065,"+3,851",0.11,100.96%,0.287799,2025-09-19
XYZ,76.51,2025-09-26,6,Call,80.00,-3.86%,0.58,0.65,578,4733,"+3,834",0.12,43.11%,0.259785,2025-09-19
PLUG,2.22,2025-12-19,90,Call,2.50,-14.68%,0.3,0.4,2879,14495,"+3,827",0.2,110.82%,0.517664,2025-09-19
BA,214.9,2025-11-21,62,Call,240.00,-11.29%,4.3,4.4,2574,7320,"+3,819",0.35,34.96%,0.251433,2025-09-19
GRAB,6.29,2028-01-21,853,Call,7.00,-9.55%,2,2.3,656,5379,"+3,818",0.12,58.31%,0.668361,2025-09-19
PLTR,180.35,2025-09-26,6,Call,185.00,-1.43%,3.55,3.6,42802,8447,"+3,759",5.07,50.00%,0.429162,2025-09-19
JD,34.82,2025-12-19,90,Call,40.00,-13.96%,2.05,2.1,6658,33531,"+3,751",0.2,57.82%,0.352699,2025-09-19
MARA,17.67,2025-10-17,27,Call,17.00,+7.05%,2.15,2.2,5481,86917,"+3,747",0.06,73.19%,0.685493,2025-09-19
BIDU,139.24,2025-10-03,13,Call,150.00,-10.82%,1.93,2.09,682,3929,"+3,743",0.17,64.80%,0.221608,2025-09-19
INTC,29.51,2026-06-18,271,Call,50.00,-69.03%,1.16,1.2,970,57216,"+3,727",0.02,53.77%,0.190516,2025-09-19
QTWO,78.63,2025-10-17,27,Call,90.00,-15.12%,0.5,1.05,616,3718,"+3,706",0.17,41.51%,0.122553,2025-09-19
WOLF,2.17,2025-10-17,27,Put,3.00,+34.53%,2.19,2.24,3267,12248,"+3,705",0.27,767.38%,-0.183579,2025-09-19
NVO,60.28,2025-09-26,6,Call,62.00,-0.98%,1.08,1.2,1035,4302,"+3,681",0.24,44.78%,0.445766,2025-09-19
HIMS,57.14,2025-10-17,27,Put,50.00,-13.52%,1.77,1.85,4579,8640,"+3,641",0.53,82.01%,-0.218993,2025-09-19
SNAP,8.81,2025-11-21,62,Call,13.00,-59.31%,0.14,0.19,1037,8478,"+3,624",0.12,87.91%,0.139037,2025-09-19
NNOX,4.09,2026-02-20,153,Call,5.00,-25.94%,0.45,0.55,1267,3911,"+3,602",0.32,79.11%,0.435924,2025-09-19
NVDA,175.5,2025-09-26,6,Call,192.50,-8.96%,0.09,0.1,8925,10147,"+3,594",0.88,35.48%,0.032291,2025-09-19
BMNR,58.64,2025-10-17,27,Put,55.00,-10.26%,4.9,5.2,1946,4975,"+3,593",0.39,125.43%,-0.310002,2025-09-19
AMZN,230.9,2025-09-26,6,Call,240.00,-3.68%,0.67,0.71,30264,21632,"+3,593",1.4,27.83%,0.164734,2025-09-19
MRVL,73.23,2025-09-26,6,Call,80.00,-7.73%,0.7,0.77,2255,4086,"+3,523",0.55,67.53%,0.209188,2025-09-19
SOFI,29.33,2025-09-26,6,Call,31.00,-5.05%,0.39,0.41,6509,4960,"+3,518",1.31,62.14%,0.284482,2025-09-19
NKE,70.85,2025-09-26,6,Call,75.00,-5.80%,0.18,0.22,1721,4621,"+3,512",0.37,36.91%,0.122943,2025-09-19
MU,162.62,2025-10-17,27,Call,185.00,-13.69%,4.2,4.3,2921,6360,"+3,505",0.46,64.99%,0.267414,2025-09-19
BITF,3.1,2025-09-26,6,Call,4.00,-28.21%,0.11,0.13,2969,7639,"+3,495",0.39,225.34%,0.237871,2025-09-19
INTC,29.51,2025-11-21,62,Call,35.00,-18.32%,1.18,1.22,6470,6430,"+3,494",1.01,60.04%,0.29409,2025-09-19
MSTR,337,2025-10-03,13,Call,450.00,-30.53%,0.5,0.67,4387,3864,"+3,493",1.14,73.12%,0.032121,2025-09-19
INTC,29.51,2025-10-03,13,Put,25.50,-13.79%,0.09,0.1,3049,5006,"+3,491",0.61,55.56%,-0.069899,2025-09-19
BABA,163.95,2025-10-17,27,Call,200.00,-22.84%,1,1.11,9139,11601,"+3,490",0.79,54.30%,0.095056,2025-09-19
TSLA,431.4,2025-09-26,6,Call,425.00,+0.25%,12.25,12.35,33439,7504,"+3,485",4.46,53.33%,0.53243,2025-09-19
MSFT,515.1,2025-09-26,6,Call,530.00,-2.33%,1.35,1.41,14371,7364,"+3,485",1.95,19.82%,0.192144,2025-09-19
MU,162.62,2025-09-26,6,Put,162.50,-0.14%,8.15,8.3,2222,3564,"+3,477",0.62,101.24%,-0.468137,2025-09-19
GOOGL,253.37,2025-10-03,13,Call,260.00,-2.07%,3.5,3.6,5106,4701,"+3,451",1.09,29.29%,0.375276,2025-09-19
SMCI,45.41,2025-09-26,6,Call,50.00,-9.15%,0.31,0.32,28420,10986,"+3,443",2.59,65.25%,0.15962,2025-09-19
BMNR,58.64,2025-10-17,27,Call,70.00,-14.21%,5.35,5.7,4279,10453,"+3,417",0.41,126.99%,0.419627,2025-09-19
AMZN,230.9,2025-09-26,6,Put,225.00,-2.80%,0.97,1.05,4772,9598,"+3,412",0.5,28.37%,-0.207173,2025-09-19
AMZN,230.9,2025-09-26,6,Call,230.00,+0.64%,4.1,4.25,4225,9318,"+3,410",0.45,28.09%,0.585472,2025-09-19
INTC,29.51,2025-09-26,6,Call,34.00,-14.94%,0.17,0.2,2181,3655,"+3,408",0.6,85.54%,0.112909,2025-09-19
NVTS,6.93,2025-10-17,27,Call,8.00,-14.12%,0.45,0.5,2988,7981,"+3,392",0.37,111.45%,0.392143,2025-09-19
NVDA,175.5,2025-09-26,6,Put,165.00,-6.61%,0.49,0.51,19358,26203,"+3,391",0.74,43.63%,-0.103613,2025-09-19
QS,13.05,2025-10-17,27,Call,12.00,+10.58%,2.4,2.46,6342,8375,"+3,390",0.76,116.52%,0.699001,2025-09-19
BITF,3.1,2025-10-03,13,Call,4.00,-28.21%,0.22,0.24,2661,4106,"+3,389",0.65,212.40%,0.338831,2025-09-19
PLTR,180.35,2025-10-03,13,Put,110.00,-39.69%,0.07,0.11,2470,3726,"+3,347",0.66,116.30%,-0.007763,2025-09-19
COIN,333.64,2025-09-26,6,Call,365.00,-6.58%,3.3,3.75,1579,4410,"+3,338",0.36,63.75%,0.232557,2025-09-19
WBD,19.43,2025-09-26,6,Put,18.00,-6.88%,0.32,0.33,16067,4106,"+3,331",3.91,87.56%,-0.242971,2025-09-19
TTD,43.86,2026-09-18,363,Call,130.00,-192.33%,0.93,1.32,571,4568,"+3,326",0.13,63.95%,0.096158,2025-09-19
AMD,157.32,2025-10-17,27,Put,150.00,-4.70%,4,4.05,4383,20662,"+3,312",0.21,43.56%,-0.312825,2025-09-19
CLSK,13.16,2025-10-17,27,Call,18.00,-32.16%,0.43,0.45,10079,4683,"+3,307",2.15,109.22%,0.217851,2025-09-19
SOUN,16,2026-01-16,118,Call,16.00,+1.54%,3.6,3.7,1643,8360,"+3,301",0.2,95.17%,0.626779,2025-09-19
COIN,333.64,2025-09-26,6,Put,315.00,-8.02%,1.87,2.06,584,4068,"+3,300",0.14,61.40%,-0.133619,2025-09-19
INTC,29.51,2025-10-03,13,Put,30.00,+1.42%,1.42,1.45,7364,3314,"+3,296",2.22,54.57%,-0.531061,2025-09-19
KEY,19.11,2026-01-16,118,Call,21.00,-10.06%,0.42,0.49,4002,5437,"+3,260",0.74,26.76%,0.285424,2025-09-19
HOOD,123.55,2025-09-26,6,Put,110.00,-11.84%,0.34,0.38,11443,8348,"+3,255",1.37,69.31%,-0.0707,2025-09-19
OPEN,9.18,2025-09-26,6,Call,10.00,-4.49%,0.62,0.63,55260,22928,"+3,242",2.41,165.09%,0.460767,2025-09-19
GOSS,3.02,2028-01-21,853,Call,2.00,+34.43%,1.9,2.25,500,3264,"+3,238",0.15,97.99%,0.861144,2025-09-19
AMD,157.32,2025-09-26,6,Put,150.00,-4.70%,1.07,1.09,6282,8484,"+3,229",0.74,46.56%,-0.198708,2025-09-19
OPEN,9.18,2025-09-26,6,Call,8.50,+11.18%,1.34,1.37,2738,5448,"+3,214",0.5,153.08%,0.759894,2025-09-19
LYFT,22.46,2025-09-26,6,Put,21.00,-7.00%,0.13,0.16,1241,3728,"+3,206",0.33,58.16%,-0.15415,2025-09-19
NVTS,6.93,2025-10-17,27,Call,10.00,-42.65%,0.2,0.25,5787,30901,"+3,198",0.19,121.28%,0.1834,2025-09-19
WULF,10.81,2025-10-03,13,Call,12.00,-9.29%,0.37,0.4,2888,9452,"+3,155",0.31,98.00%,0.330225,2025-09-19
RDDT,257.61,2025-09-26,6,Put,260.00,-1.69%,6.7,7.7,944,3535,"+3,151",0.27,68.38%,-0.40304,2025-09-19
NVDA,175.5,2025-10-17,27,Put,180.00,+1.88%,8,8.1,1940,25820,"+3,132",0.08,33.53%,-0.554065,2025-09-19
FUN,22.32,2025-10-17,27,Call,25.00,-12.01%,0.5,0.75,3370,3383,"+3,129",1,60.03%,0.267884,2025-09-19
JD,34.82,2027-01-15,482,Call,70.00,-99.43%,1.63,1.81,22400,36926,"+3,128",0.61,56.88%,0.175675,2025-09-19
INTC,29.51,2025-10-17,27,Call,32.00,-8.18%,0.95,0.98,5363,6713,"+3,100",0.8,57.42%,0.339378,2025-09-19
MRVL,73.23,2025-10-17,27,Call,85.00,-14.46%,1.21,1.26,2007,8401,"+3,098",0.24,54.71%,0.207912,2025-09-19
BAC,51.87,2025-12-19,90,Call,52.50,-0.48%,2.55,2.63,1098,11294,"+3,073",0.1,25.38%,0.522248,2025-09-19
HOOD,123.55,2025-09-26,6,Call,130.00,-4.18%,1.72,1.8,7222,7987,"+3,069",0.9,58.12%,0.307382,2025-09-19
NVDA,175.5,2025-09-26,6,Put,167.50,-5.19%,0.69,0.71,11519,8769,"+3,064",1.31,40.50%,-0.143451,2025-09-19
AAL,12.41,2025-11-21,62,Call,14.00,-12.45%,0.48,0.5,3202,135419,"+3,056",0.02,50.30%,0.323253,2025-09-19
MSTR,337,2025-09-26,6,Call,360.00,-4.42%,4.25,4.5,62239,4846,"+3,051",12.84,56.25%,0.28967,2025-09-19
CLSK,13.16,2025-10-17,27,Call,14.00,-2.79%,1.18,1.23,2544,4725,"+3,044",0.54,91.90%,0.511036,2025-09-19
RDDT,257.61,2025-09-26,6,Call,290.00,-9.65%,2.17,2.83,3759,3781,"+3,042",0.99,75.74%,0.185976,2025-09-19
MSTR,337,2025-09-26,6,Put,320.00,-7.18%,1.96,2.7,3326,4120,"+3,021",0.81,61.20%,-0.159402,2025-09-19
AMAT,193.07,2025-09-26,6,Call,205.00,-7.84%,0.42,0.52,2945,3039,"+3,021",0.97,43.82%,0.095881,2025-09-19
WULF,10.81,2025-10-03,13,Call,14.00,-27.50%,0,0.11,2039,7563,"+3,010",0.27,112.36%,0.138601,2025-09-19
OPAD,4.99,2026-01-16,118,Call,5.00,+1.77%,1.85,2.2,7713,6888,"+2,999",1.12,176.11%,0.702468,2025-09-19
WBD,19.43,2025-10-17,27,Put,16.00,-17.23%,0.32,0.39,1365,20534,"+2,998",0.07,75.63%,-0.1501,2025-09-19
AAPL,247.58,2025-09-26,6,Call,247.50,-0.81%,2.06,2.1,41583,7806,"+2,988",5.33,22.91%,0.405262,2025-09-19
HIMS,57.14,2025-10-03,13,Put,36.00,-37.74%,0.01,0.11,2382,3125,"+2,987",0.76,129.68%,-0.0195,2025-09-19
AMD,157.32,2025-12-19,90,Call,180.00,-14.37%,7.65,7.8,3926,15989,"+2,978",0.25,48.50%,0.346154,2025-09-19
GOOGL,253.37,2025-10-10,20,Put,215.00,-15.59%,0.33,0.38,3306,3178,"+2,976",1.04,41.22%,-0.0339,2025-09-19
UEC,12.36,2025-10-17,27,Put,9.00,-27.13%,0.1,0.2,2001,4672,"+2,970",0.43,96.71%,-0.089202,2025-09-19
USAR,16.11,2025-09-26,6,Call,17.00,-4.62%,0.6,0.7,3914,3230,"+2,942",1.21,118.51%,0.414355,2025-09-19
BABA,163.95,2025-09-26,6,Call,175.00,-7.49%,1,1.19,6143,6561,"+2,941",0.94,58.13%,0.176835,2025-09-19
MSTR,337,2025-09-26,6,Put,220.00,-36.19%,0.24,0.28,1952,5682,"+2,930",0.34,158.31%,-0.010235,2025-09-19
META,778.99,2025-10-17,27,Call,800.00,-2.78%,15,15.4,1863,11193,"+2,926",0.17,27.54%,0.386471,2025-09-19
HOOD,123.55,2025-09-26,6,Put,116.00,-7.04%,0.88,0.95,1785,3411,"+2,925",0.52,62.13%,-0.167555,2025-09-19
DLO,15.04,2025-10-17,27,Call,15.47,-3.20%,0.7,0.75,2959,15852,"+2,908",0.19,57.63%,0.459258,2025-09-19
CMG,39.15,2026-03-20,181,Call,50.00,-27.16%,1.46,1.52,639,9757,"+2,904",0.07,39.49%,0.255538,2025-09-19
AAPL,247.58,2025-09-26,6,Put,235.00,-4.28%,0.34,0.35,10695,6340,"+2,900",1.69,26.15%,-0.090408,2025-09-19
KVUE,17.58,2025-11-21,62,Call,19.00,-3.60%,1.15,1.2,21804,36484,"+2,889",0.6,47.84%,0.464483,2025-09-19
USAR,16.11,2025-09-26,6,Put,14.00,-13.85%,0.2,0.3,2318,4246,"+2,882",0.55,123.49%,-0.152765,2025-09-19
HOOD,123.55,2025-09-26,6,Call,140.00,-12.20%,0.38,0.42,9713,4164,"+2,874",2.33,64.67%,0.090424,2025-09-19
HOOD,123.55,2025-09-26,6,Call,145.00,-16.20%,0.2,0.24,1361,5869,"+2,855",0.23,69.41%,0.051026,2025-09-19
AAPL,247.58,2025-09-26,6,Call,245.00,+0.20%,3.15,3.2,125200,15333,"+2,837",8.17,22.60%,0.542573,2025-09-19
AGNC,9.99,2028-01-21,853,Call,12.00,-20.36%,0.32,0.38,523,2960,"+2,832",0.18,17.88%,0.24462,2025-09-19
INTC,29.51,2026-01-16,118,Call,33.00,-11.56%,2.3,2.35,3961,20671,"+2,828",0.19,52.94%,0.423261,2025-09-19
OPEN,9.18,2025-09-26,6,Call,12.00,-25.39%,0.26,0.28,15778,15171,"+2,825",1.04,198.67%,0.224141,2025-09-19
OPEN,9.18,2025-09-26,6,Call,15.00,-56.74%,0.11,0.12,5800,7243,"+2,803",0.8,241.07%,0.097268,2025-09-19
GLXY,31.36,2025-11-21,62,Call,45.00,-36.90%,1.6,1.75,792,2803,"+2,803",0.28,90.89%,0.26361,2025-09-19
INTC,29.51,2025-10-17,27,Put,28.00,-5.34%,0.86,0.89,7160,4156,"+2,801",1.72,49.76%,-0.31329,2025-09-19
GRAB,6.29,2026-01-16,118,Call,7.50,-17.37%,0.45,0.5,6587,104279,"+2,790",0.06,58.41%,0.390912,2025-09-19
WBD,19.43,2025-09-26,6,Call,20.00,-3.47%,0.48,0.55,11801,12991,"+2,789",0.91,83.33%,0.397854,2025-09-19
ETHZ,2.79,2025-10-17,27,Call,3.00,-18.58%,0.15,0.2,606,21332,"+2,782",0.03,120.78%,0.365114,2025-09-19
HIMS,57.14,2025-09-26,6,Call,60.00,-3.77%,1.6,1.7,7339,6174,"+2,777",1.19,83.92%,0.388348,2025-09-19
TGT,88.13,2025-09-26,6,Call,92.00,-4.39%,0.3,0.34,3442,3324,"+2,774",1.04,33.85%,0.16567,2025-09-19
GRAB,6.29,2027-01-15,482,Call,7.50,-17.37%,1.35,1.4,3130,151425,"+2,767",0.02,57.60%,0.564029,2025-09-19
JD,34.82,2027-01-15,482,Call,60.00,-70.94%,2.24,2.58,1068,8272,"+2,758",0.13,56.66%,0.240552,2025-09-19
NVDA,175.5,2025-09-26,6,Put,172.50,-2.36%,1.53,1.59,19100,7884,"+2,756",2.42,36.30%,-0.291259,2025-09-19
MSTR,337,2025-09-26,6,Call,385.00,-11.68%,1.1,1.2,18323,3206,"+2,739",5.72,62.57%,0.092175,2025-09-19
MRVL,73.23,2025-09-26,6,Call,75.00,-1.00%,2.1,2.2,2967,5728,"+2,730",0.52,65.02%,0.472313,2025-09-19
AAPL,247.58,2025-09-26,6,Call,250.00,-1.83%,1.25,1.31,94332,16010,"+2,715",5.89,23.44%,0.284953,2025-09-19
RGTI,26.52,2025-09-26,6,Call,33.00,-15.71%,0.86,0.99,1265,2719,"+2,714",0.47,160.46%,0.27326,2025-09-19
PYPL,67.88,2025-09-26,6,Call,73.00,-7.01%,0.13,0.15,1481,3448,"+2,684",0.43,38.49%,0.091231,2025-09-19
NVTS,6.93,2025-10-17,27,Call,7.00,+0.14%,0.75,0.8,3986,10070,"+2,678",0.4,98.30%,0.560009,2025-09-19
PLUG,2.22,2026-01-16,118,Call,3.00,-37.61%,0.3,0.32,5282,22021,"+2,665",0.24,107.61%,0.42283,2025-09-19
HAL,22.35,2025-11-21,62,Put,20.00,-11.15%,0.47,0.51,503,4634,"+2,647",0.11,40.65%,-0.210871,2025-09-19
HOOD,123.55,2025-09-26,6,Call,128.00,-2.58%,2.35,2.44,6938,3256,"+2,642",2.13,58.19%,0.384101,2025-09-19
CLSK,13.16,2025-10-17,27,Call,13.00,+4.55%,1.6,1.64,1602,7938,"+2,641",0.2,89.16%,0.62802,2025-09-19
CHRW,136.07,2026-01-16,118,Call,150.00,-10.24%,1.7,3.7,781,2716,"+2,641",0.29,25.76%,0.291845,2025-09-19
INTC,29.51,2026-01-16,118,Call,32.00,-8.18%,2.6,2.65,857,7207,"+2,626",0.12,52.24%,0.461403,2025-09-19
AAPL,247.58,2025-10-03,13,Call,260.00,-5.91%,0.5,0.52,20538,11359,"+2,623",1.81,23.00%,0.102368,2025-09-19
BBAI,6.82,2025-09-26,6,Call,7.00,-2.19%,0.35,0.4,16778,8921,"+2,612",1.88,132.61%,0.484752,2025-09-19
CMG,39.15,2026-03-20,181,Put,35.00,-10.99%,2.03,2.22,1017,6109,"+2,611",0.17,40.11%,-0.272111,2025-09-19
NVDA,175.5,2025-10-03,13,Call,200.00,-13.21%,0.16,0.18,3835,11432,"+2,610",0.34,35.97%,0.038315,2025-09-19
OKLO,131.24,2025-09-26,6,Call,140.00,-3.53%,9.05,9.5,6069,2717,"+2,591",2.23,166.43%,0.479083,2025-09-19
MRNA,25.03,2025-10-17,27,Put,21.00,-16.80%,0.43,0.47,2076,7876,"+2,584",0.26,74.64%,-0.153475,2025-09-19
SNAP,8.81,2025-10-17,27,Call,9.00,-10.29%,0.24,0.25,19590,45197,"+2,575",0.43,59.68%,0.307537,2025-09-19
AMPX,11.45,2027-01-15,482,Call,12.00,-1.95%,4.5,4.9,1262,11259,"+2,561",0.11,88.94%,0.704997,2025-09-19
AMD,157.32,2025-09-26,6,Call,162.50,-3.25%,1.78,1.85,13979,7969,"+2,560",1.75,46.71%,0.311436,2025-09-19
TSLA,431.4,2025-09-26,6,Call,422.50,+0.84%,13.5,13.65,8820,5186,"+2,557",1.7,53.45%,0.566496,2025-09-19
INOD,69,2025-11-21,62,Put,45.00,-36.23%,1.9,2.7,2795,4022,"+2,550",0.69,117.85%,-0.118542,2025-09-19
MSFT,515.1,2025-09-26,6,Call,520.00,-0.40%,4.35,4.55,17246,6862,"+2,547",2.51,19.90%,0.452278,2025-09-19
AAL,12.41,2025-11-21,62,Put,11.00,-11.65%,0.38,0.4,1141,27342,"+2,547",0.04,48.87%,-0.233764,2025-09-19
AVGO,342.49,2025-09-26,6,Call,380.00,-10.16%,0.32,0.39,2463,3950,"+2,540",0.62,43.56%,0.045077,2025-09-19
QBTS,24.9,2025-09-26,6,Put,24.00,-10.71%,0.66,0.73,3454,2627,"+2,536",1.31,133.86%,-0.226663,2025-09-19
CDLX,2.39,2025-10-17,27,Call,3.00,-23.46%,0.4,0.5,3408,2802,"+2,524",1.22,241.30%,0.504733,2025-09-19
FTNT,83.98,2025-09-26,6,Call,85.00,-0.94%,0.99,1.04,3423,2731,"+2,518",1.25,31.29%,0.422711,2025-09-19
NTLA,15.67,2025-10-17,27,Call,15.00,+3.78%,1.75,1.9,678,6687,"+2,516",0.1,94.44%,0.614519,2025-09-19
WOLF,2.17,2025-10-03,13,Put,1.50,-32.74%,0.47,0.49,13238,44508,"+2,508",0.3,603.43%,-0.179121,2025-09-19
WBD,19.43,2025-10-17,27,Call,23.00,-18.99%,0.29,0.41,12812,3624,"+2,505",3.54,65.67%,0.193208,2025-09-19
GRAB,6.29,2025-11-21,62,Call,7.00,-9.55%,0.4,0.45,1685,2503,"+2,503",0.67,61.60%,0.419125,2025-09-19
INTC,29.51,2025-10-17,27,Call,34.00,-14.94%,0.62,0.65,1612,4478,"+2,497",0.36,62.64%,0.23523,2025-09-19
QS,13.05,2026-05-15,237,Call,12.00,+10.58%,4.7,4.8,516,2493,"+2,493",0.21,97.50%,0.714533,2025-09-19
QS,13.05,2025-10-17,27,Call,13.00,+3.13%,1.93,1.96,6002,3390,"+2,480",1.77,120.70%,0.606715,2025-09-19
C,102,2025-10-17,27,Call,105.00,-2.26%,2.58,2.78,2887,13011,"+2,472",0.22,32.48%,0.423177,2025-09-19
RIOT,17.05,2025-10-17,27,Call,20.00,-14.55%,0.76,0.79,781,9367,"+2,466",0.08,86.38%,0.32739,2025-09-19
AMD,157.32,2025-11-21,62,Call,185.00,-17.54%,4.75,4.85,610,6585,"+2,455",0.09,51.02%,0.264467,2025-09-19
INTC,29.51,2026-01-16,118,Call,40.00,-35.23%,1.07,1.1,18560,65174,"+2,451",0.28,57.09%,0.227244,2025-09-19
PLUG,2.22,2026-01-16,118,Call,3.50,-60.55%,0.22,0.24,1518,9524,"+2,449",0.16,111.28%,0.340387,2025-09-19
DAL,59.55,2025-10-17,27,Put,45.00,-24.70%,0.11,0.38,1670,4884,"+2,449",0.34,64.06%,-0.042013,2025-09-19
CIFR,12.75,2025-09-26,6,Call,9.00,+26.71%,3.2,3.4,1064,4715,"+2,446",0.23,121.07%,0.981419,2025-09-19
SOFI,29.33,2025-09-26,6,Call,30.00,-1.66%,0.72,0.73,15648,8559,"+2,445",1.83,61.52%,0.436304,2025-09-19
AMD,157.32,2025-09-26,6,Call,167.50,-6.42%,0.84,0.89,9111,5139,"+2,442",1.77,48.75%,0.170167,2025-09-19
MARA,17.67,2025-10-17,27,Call,18.00,+1.59%,1.63,1.65,1394,14553,"+2,436",0.1,74.90%,0.577714,2025-09-19
RGTI,26.52,2025-09-26,6,Call,30.00,-5.19%,1.61,1.65,9178,2760,"+2,433",3.33,153.75%,0.438603,2025-09-19
MARA,17.67,2025-09-26,6,Put,18.50,+1.15%,0.8,0.84,3729,2533,"+2,422",1.47,75.12%,-0.525777,2025-09-19
RIVN,14.33,2025-09-26,6,Call,15.00,-4.31%,0.23,0.25,7980,6806,"+2,388",1.17,66.11%,0.327314,2025-09-19
AMZN,230.9,2025-09-26,6,Call,237.50,-2.60%,1.12,1.18,27199,7397,"+2,382",3.68,27.56%,0.245421,2025-09-19
CMG,39.15,2025-09-26,6,Put,39.50,+0.46%,0.69,0.81,2566,4420,"+2,365",0.58,35.21%,-0.526544,2025-09-19
QBTS,24.9,2025-10-03,13,Put,20.00,-25.60%,0.26,0.29,1672,3147,"+2,359",0.53,126.27%,-0.086008,2025-09-19
AAPL,247.58,2025-09-26,6,Put,227.50,-7.33%,0.1,0.13,5474,5943,"+2,350",0.92,31.73%,-0.028259,2025-09-19
GLW,79.1,2025-10-17,27,Call,85.00,-6.84%,0.93,0.99,719,3712,"+2,345",0.19,31.99%,0.244258,2025-09-19
BBY,72.88,2025-09-26,6,Call,77.00,-6.60%,0.12,0.16,630,2452,"+2,340",0.26,36.04%,0.086268,2025-09-19
AMD,157.32,2025-09-26,6,Put,145.00,-7.87%,0.43,0.45,2883,4456,"+2,335",0.65,49.37%,-0.090572,2025-09-19
INTC,29.51,2025-10-03,13,Put,27.00,-8.72%,0.26,0.28,1318,2409,"+2,330",0.55,52.81%,-0.164913,2025-09-19
JD,34.82,2025-10-17,27,Put,32.00,-8.83%,0.39,0.45,2035,9622,"+2,309",0.21,40.01%,-0.192889,2025-09-19
TTD,43.86,2025-10-31,41,Call,50.00,-12.44%,1.5,1.62,651,2912,"+2,288",0.22,57.39%,0.312486,2025-09-19
OPEN,9.18,2025-10-17,27,Call,11.00,-14.94%,1.21,1.36,2510,6543,"+2,284",0.38,166.26%,0.470161,2025-09-19
PLTR,180.35,2025-10-03,13,Put,175.00,-4.05%,3.6,3.75,3756,3096,"+2,283",1.21,50.98%,-0.311452,2025-09-19
CLSK,13.16,2026-01-16,118,Call,20.00,-46.84%,1.19,1.24,3621,41753,"+2,277",0.09,92.97%,0.330745,2025-09-19
BULL,13.27,2025-09-26,6,Call,13.00,+2.18%,0.61,0.67,3083,4395,"+2,275",0.7,75.37%,0.611802,2025-09-19
RIVN,14.33,2025-10-03,13,Call,15.50,-7.79%,0.35,0.39,3284,2928,"+2,271",1.12,72.45%,0.319537,2025-09-19
INTC,29.51,2026-01-16,118,Call,35.00,-18.32%,1.83,1.87,11769,97457,"+2,252",0.12,53.91%,0.353459,2025-09-19
CLSK,13.16,2025-10-03,13,Put,12.00,-11.89%,0.24,0.27,2359,2332,"+2,242",1.01,84.04%,-0.187686,2025-09-19
AMD,157.32,2025-09-26,6,Call,155.00,+1.52%,5,5.1,6065,5533,"+2,241",1.1,45.90%,0.618515,2025-09-19
JD,34.82,2025-10-31,41,Call,40.00,-13.96%,0.9,0.95,1468,4189,"+2,231",0.35,55.36%,0.25679,2025-09-19
CMG,39.15,2025-09-26,6,Put,38.00,-3.36%,0.21,0.24,711,3284,"+2,227",0.22,35.84%,-0.217744,2025-09-19
AMZN,230.9,2025-10-17,27,Call,295.00,-27.44%,0.09,0.11,1012,3501,"+2,220",0.29,38.76%,0.013313,2025-09-19
AMD,157.32,2025-10-10,20,Put,140.00,-11.05%,1.04,1.08,1131,2711,"+2,218",0.42,45.76%,-0.121638,2025-09-19
OPEN,9.18,2025-09-26,6,Call,13.00,-35.84%,0.19,0.2,4597,13030,"+2,212",0.35,213.01%,0.162909,2025-09-19
PLTR,180.35,2025-10-17,27,Call,210.00,-15.14%,2.33,2.41,3190,5751,"+2,205",0.55,51.58%,0.180913,2025-09-19
HOOD,123.55,2025-09-26,6,Call,121.00,+3.03%,5.8,6.2,3308,3005,"+2,199",1.1,58.04%,0.67733,2025-09-19
MU,162.62,2025-10-17,27,Call,200.00,-22.90%,2.27,2.31,3724,4207,"+2,196",0.89,68.05%,0.157272,2025-09-19
INTC,29.51,2025-10-17,27,Put,31.00,+4.80%,2.52,2.55,1074,2377,"+2,196",0.45,53.95%,-0.593432,2025-09-19
AVXL,8.46,2025-10-17,27,Put,8.00,-5.44%,0.7,0.8,648,3051,"+2,177",0.21,109.47%,-0.364898,2025-09-19
NIO,7.34,2025-09-26,6,Put,7.00,-5.02%,0.21,0.23,13577,7235,"+2,171",1.88,103.02%,-0.32251,2025-09-19
RIOT,17.05,2026-01-16,118,Call,26.00,-48.91%,1.16,1.2,5016,2889,"+2,169",1.74,83.95%,0.284928,2025-09-19
CIFR,12.75,2025-10-17,27,Call,13.00,-5.86%,1.52,1.58,2863,12430,"+2,163",0.23,137.38%,0.517099,2025-09-19
AMAT,193.07,2025-09-26,6,Call,197.50,-3.89%,1.19,1.51,871,2161,"+2,161",0.4,41.32%,0.246941,2025-09-19
ENPH,38.47,2025-11-21,62,Call,50.00,-30.14%,1.7,1.75,1115,19152,"+2,157",0.06,78.53%,0.264265,2025-09-19
RGTI,26.52,2025-09-26,6,Put,25.00,-12.34%,0.82,0.85,57134,2267,"+2,156",25.2,157.73%,-0.224918,2025-09-19
MRK,81.8,2025-10-17,27,Call,90.00,-10.42%,0.35,0.38,859,12836,"+2,155",0.07,29.72%,0.118347,2025-09-19
COIN,333.64,2025-09-26,6,Put,320.00,-6.56%,2.59,2.84,744,2909,"+2,145",0.26,60.86%,-0.179673,2025-09-19
BITF,3.1,2025-10-17,27,Call,5.00,-60.26%,0.2,0.25,566,2496,"+2,142",0.23,208.28%,0.293314,2025-09-19
BAC,51.87,2025-09-26,6,Call,53.50,-2.39%,0.16,0.18,2042,3530,"+2,137",0.58,21.93%,0.207777,2025-09-19
PLUG,2.22,2027-01-15,482,Call,2.00,+8.26%,0.92,0.95,1814,23154,"+2,136",0.08,88.80%,0.739402,2025-09-19
OKLO,131.24,2025-09-26,6,Put,90.00,-33.45%,0.54,0.55,5293,2570,"+2,126",2.06,191.40%,-0.037161,2025-09-19
ETNB,14.92,2026-02-20,153,Put,15.00,+0.87%,0.6,0.65,507,2126,"+2,126",0.24,17.88%,-0.473377,2025-09-19
MU,162.62,2025-09-26,6,Call,195.00,-19.83%,1.27,1.44,985,8126,"+2,124",0.12,111.82%,0.117875,2025-09-19
WRD,11.8,2025-10-17,27,Put,10.00,-13.27%,0.3,0.4,1264,3351,"+2,115",0.38,78.83%,-0.216416,2025-09-19
BTU,22.6,2025-10-17,27,Call,24.00,-5.63%,0.82,0.87,1640,2190,"+2,113",0.75,55.34%,0.391623,2025-09-19
AAL,12.41,2025-11-21,62,Call,13.00,-4.42%,0.8,0.82,547,8787,"+2,105",0.06,50.67%,0.460079,2025-09-19
ETNB,14.92,2025-12-19,90,Put,15.00,+0.87%,0.6,0.65,725,2097,"+2,095",0.35,21.25%,-0.488318,2025-09-19
M,17.4,2025-09-26,6,Call,17.50,+0.28%,0.34,0.47,739,6157,"+2,090",0.12,42.33%,0.531755,2025-09-19
AMD,157.32,2025-10-17,27,Call,160.00,-1.66%,6.55,6.6,5726,14376,"+2,084",0.4,44.26%,0.480114,2025-09-19
ACHR,9.79,2025-10-17,27,Call,12.00,-21.70%,0.32,0.34,2902,25107,"+2,082",0.12,91.84%,0.258246,2025-09-19
TTD,43.86,2025-10-17,27,Call,50.00,-12.44%,1.04,1.05,1822,9549,"+2,076",0.19,58.79%,0.263304,2025-09-19
MSTR,337,2025-09-26,6,Call,365.00,-5.87%,3.2,3.4,16964,3601,"+2,074",4.71,56.82%,0.230426,2025-09-19
JPM,309.44,2025-09-26,6,Put,310.00,-1.52%,1.42,2.13,5150,4349,"+2,074",1.18,22.33%,-0.287117,2025-09-19
MU,162.62,2025-10-17,27,Call,175.00,-7.54%,6.5,6.6,740,3526,"+2,071",0.21,63.16%,0.374444,2025-09-19
LYFT,22.46,2025-10-10,20,Call,24.00,-6.29%,0.64,0.8,2045,2198,"+2,058",0.93,55.32%,0.349008,2025-09-19
TSLA,431.4,2025-09-26,6,Put,280.00,-34.28%,0.13,0.15,772,5559,"+2,057",0.14,135.14%,-0.005985,2025-09-19
BMNR,58.64,2027-01-15,482,Call,100.00,-63.16%,24.6,25.25,2357,10392,"+2,056",0.23,121.60%,0.648961,2025-09-19
SMCI,45.41,2025-10-17,27,Call,50.00,-9.15%,1.55,1.57,6210,13681,"+2,055",0.45,61.33%,0.336437,2025-09-19
AMZN,230.9,2025-09-26,6,Put,227.50,-1.72%,1.53,1.66,6528,5475,"+2,054",1.19,27.94%,-0.301793,2025-09-19
AMC,2.94,2025-09-26,6,Call,3.00,+0.33%,0.13,0.15,53221,14271,"+2,054",3.73,87.83%,0.534143,2025-09-19
CCL,30.48,2025-09-26,6,Call,32.00,-4.85%,0.12,0.13,944,3887,"+2,050",0.24,37.79%,0.168517,2025-09-19
ORCL,306,2025-09-26,6,Call,290.00,+6.05%,20.5,21.85,2279,2685,"+2,048",0.85,59.92%,0.804502,2025-09-19
LYFT,22.46,2025-10-17,27,Call,26.00,-15.15%,0.52,0.54,20168,3119,"+2,048",6.47,64.40%,0.242138,2025-09-19
RIOT,17.05,2026-01-16,118,Call,35.00,-100.46%,0.46,0.57,6938,67095,"+2,027",0.1,91.30%,0.145724,2025-09-19
KDP,26.67,2025-10-17,27,Call,29.00,-6.97%,0.25,0.3,1585,23201,"+2,024",0.07,29.72%,0.21591,2025-09-19
FSLR,213.4,2025-10-17,27,Call,230.00,-8.24%,5.25,5.5,1666,4040,"+2,023",0.41,49.98%,0.311685,2025-09-19
SNAP,8.81,2025-11-21,62,Call,9.00,-10.29%,0.77,0.79,1304,8904,"+2,017",0.15,80.52%,0.457049,2025-09-19
NVTS,6.93,2025-10-03,13,Call,7.00,+0.14%,0.5,0.6,1087,3114,"+2,015",0.35,102.55%,0.544631,2025-09-19
MP,72.21,2025-10-17,27,Call,70.00,+4.40%,7.5,7.8,3220,5699,"+2,014",0.57,72.46%,0.634214,2025-09-19
NICE,150.5,2026-02-20,153,Call,165.00,-7.53%,11.1,13.1,2386,2007,"+2,006",1.19,39.91%,0.462698,2025-09-19
CCL,30.48,2025-09-26,6,Put,30.50,-0.07%,0.54,0.64,1234,2081,"+2,004",0.59,36.88%,-0.487329,2025-09-19
ZIM,14.36,2025-11-21,62,Put,12.00,-16.49%,0.26,0.44,2035,2000,"+2,000",1.02,55.83%,-0.179688,2025-09-19
ZIM,14.36,2025-11-21,62,Put,13.00,-9.53%,0.42,0.69,961,2000,"+2,000",0.48,50.31%,-0.272109,2025-09-19
T,29,2026-01-16,118,Call,24.00,+17.27%,4.05,5.3,2008,2801,"+2,000",0.72,30.22%,0.878994,2025-09-19
NICE,150.5,2026-02-20,153,Call,210.00,-36.86%,1.8,2.75,2362,5004,"+1,998",0.47,35.94%,0.121734,2025-09-19
INTC,29.51,2025-12-19,90,Put,33.00,+11.56%,5.05,5.15,514,2073,"+1,991",0.25,52.33%,-0.608813,2025-09-19
CORZ,16.34,2025-10-10,20,Call,20.00,-20.34%,0.14,0.19,1075,2003,"+1,980",0.54,66.81%,0.13774,2025-09-19
U,45.6,2025-10-17,27,Call,50.00,-8.58%,2.15,2.2,920,14140,"+1,977",0.07,72.75%,0.381758,2025-09-19
AAOI,28.63,2025-10-10,20,Put,25.00,-13.76%,0.75,0.95,2002,2042,"+1,977",0.98,90.56%,-0.207692,2025-09-19
AAPL,247.58,2026-03-20,181,Call,240.00,+2.24%,22.45,22.75,1132,12191,"+1,975",0.09,25.98%,0.619351,2025-09-19
LAES,4.21,2026-01-16,118,Call,5.00,-16.55%,0.55,0.6,7853,18840,"+1,973",0.42,85.60%,0.48225,2025-09-19
NIO,7.34,2025-09-26,6,Call,7.50,-1.76%,0.34,0.37,8906,19066,"+1,969",0.47,107.76%,0.479127,2025-09-19
INTC,29.51,2025-11-21,62,Put,30.00,+1.42%,2.74,2.78,5947,2455,"+1,969",2.42,53.46%,-0.475099,2025-09-19
SNDK,103.46,2025-10-17,27,Put,100.00,-2.16%,7.7,7.8,977,3083,"+1,962",0.32,81.78%,-0.412629,2025-09-19
MARA,17.67,2025-10-03,13,Put,18.00,-1.59%,0.83,0.86,867,2250,"+1,962",0.39,72.53%,-0.422939,2025-09-19
QS,13.05,2025-10-17,27,Call,15.00,-11.77%,1.24,1.27,7714,6250,"+1,961",1.23,125.79%,0.44236,2025-09-19
PLTR,180.35,2025-10-03,13,Put,177.50,-2.68%,4.5,4.6,2412,2059,"+1,961",1.17,50.33%,-0.364239,2025-09-19
MU,162.62,2025-09-26,6,Put,170.00,+4.47%,12.65,12.9,1338,2019,"+1,950",0.66,102.33%,-0.604057,2025-09-19
WOLF,2.17,2025-10-17,27,Put,2.00,-10.31%,1.22,1.26,5350,17696,"+1,943",0.3,669.07%,-0.165859,2025-09-19
INTC,29.51,2025-09-26,6,Put,29.50,-0.27%,0.83,0.86,13278,1942,"+1,942",6.84,57.95%,-0.468668,2025-09-19
BABA,163.95,2025-10-03,13,Call,157.50,+3.26%,7.5,8.95,2213,2258,"+1,932",0.98,48.11%,0.661697,2025-09-19
GRAB,6.29,2025-09-26,6,Call,6.50,-1.72%,0.15,0.2,4414,6268,"+1,927",0.7,75.64%,0.452164,2025-09-19
ACHR,9.79,2025-09-26,6,Call,10.00,-1.42%,0.34,0.37,12520,6863,"+1,918",1.82,85.37%,0.47305,2025-09-19
PYPL,67.88,2025-11-21,62,Call,75.00,-9.94%,2.04,2.09,868,5660,"+1,914",0.15,38.43%,0.317737,2025-09-19
MSTR,337,2025-09-26,6,Put,240.00,-30.38%,0.36,0.45,3743,7774,"+1,914",0.48,139.31%,-0.01698,2025-09-19
MSFT,515.1,2025-11-21,62,Put,510.00,-1.53%,15.5,15.95,3416,4064,"+1,914",0.84,24.43%,-0.401453,2025-09-19
AAPL,247.58,2026-03-20,181,Put,210.00,-14.46%,4.7,4.8,2423,13449,"+1,912",0.18,28.11%,-0.168001,2025-09-19
TSLA,431.4,2025-09-26,6,Call,440.00,-3.27%,6.55,6.65,23658,6837,"+1,911",3.46,55.21%,0.341234,2025-09-19
CRWV,123.6,2025-10-17,27,Call,150.00,-20.13%,3.7,3.75,7395,8348,"+1,902",0.89,83.43%,0.247943,2025-09-19
WOLF,2.17,2025-10-03,13,Call,3.00,-34.53%,0.2,0.25,1079,5649,"+1,901",0.19,272.61%,0.37585,2025-09-19
BMNR,58.64,2025-09-26,6,Call,65.00,-6.05%,2,2.16,7961,5370,"+1,894",1.48,112.28%,0.370171,2025-09-19
ORCL,306,2025-09-26,6,Call,360.00,-16.63%,0.6,0.88,3404,6663,"+1,887",0.51,76.72%,0.065653,2025-09-19
BLSH,66.8,2025-09-26,6,Call,67.00,+3.15%,3.9,4.5,905,1906,"+1,887",0.47,84.89%,0.638784,2025-09-19
NU,16.13,2026-01-16,118,Call,18.00,-11.32%,0.77,0.8,1157,59306,"+1,881",0.02,37.79%,0.370388,2025-09-19
HIMS,57.14,2025-10-17,27,Put,45.00,-22.17%,0.77,0.85,1604,5399,"+1,879",0.3,84.69%,-0.111981,2025-09-19
GRAB,6.29,2026-04-17,209,Call,7.00,-9.55%,0.85,0.95,1143,16474,"+1,878",0.07,58.81%,0.526563,2025-09-19
CG,68.17,2025-10-17,27,Call,70.00,-2.68%,1.75,2.25,1445,2145,"+1,878",0.67,39.83%,0.429989,2025-09-19
JD,34.82,2025-09-26,6,Call,36.00,-2.56%,0.57,0.58,5179,4918,"+1,874",1.05,53.74%,0.364245,2025-09-19
SOFI,29.33,2025-09-26,6,Call,32.00,-8.44%,0.21,0.22,7358,3772,"+1,873",1.95,63.11%,0.170539,2025-09-19
NIO,7.34,2026-01-16,118,Put,6.00,-18.59%,0.52,0.55,563,10316,"+1,873",0.05,74.76%,-0.23518,2025-09-19
OPEN,9.18,2025-09-26,6,Put,9.50,-0.73%,0.75,0.76,12135,6678,"+1,865",1.82,163.86%,-0.443248,2025-09-19
WOLF,2.17,2025-10-17,27,Call,3.00,-34.53%,0.19,0.25,3956,19872,"+1,862",0.2,179.98%,0.361386,2025-09-19
LUMN,5.7,2025-10-17,27,Call,6.00,-5.08%,0.35,0.39,1880,16580,"+1,858",0.11,84.11%,0.443025,2025-09-19
INTC,29.51,2025-10-03,13,Call,36.00,-21.70%,0.19,0.2,4073,1867,"+1,857",2.18,77.46%,0.103013,2025-09-19
CDLX,2.39,2025-10-17,27,Call,5.00,-105.76%,0.15,0.25,712,2098,"+1,852",0.34,264.14%,0.260818,2025-09-19
PYPL,67.88,2025-09-26,6,Put,68.00,-0.32%,0.9,0.93,844,2243,"+1,851",0.38,29.46%,-0.452452,2025-09-19
MARA,17.67,2025-10-03,13,Call,20.00,-9.35%,0.53,0.54,3338,7108,"+1,850",0.47,83.24%,0.315379,2025-09-19
JD,34.82,2025-11-21,62,Call,45.00,-28.21%,0.93,0.98,513,3133,"+1,847",0.16,65.91%,0.204535,2025-09-19
HOOD,123.55,2025-09-26,6,Put,120.00,-3.83%,1.76,1.84,9795,2298,"+1,847",4.26,59.56%,-0.288459,2025-09-19
LYFT,22.46,2025-10-17,27,Call,25.00,-10.72%,0.7,0.71,5854,25929,"+1,839",0.23,62.91%,0.311778,2025-09-19
RIVN,14.33,2025-10-17,27,Call,15.00,-4.31%,0.76,0.79,17822,28377,"+1,838",0.63,65.52%,0.448348,2025-09-19
BMNR,58.64,2027-01-15,482,Call,75.00,-22.37%,29,29.55,1667,7337,"+1,834",0.23,121.60%,0.721864,2025-09-19
SERV,13.87,2025-10-10,20,Call,12.50,+10.59%,2.25,2.6,1901,2004,"+1,832",0.95,119.86%,0.708026,2025-09-19
INTC,29.51,2025-10-17,27,Put,27.00,-8.72%,0.55,0.56,4875,3224,"+1,828",1.51,49.71%,-0.224754,2025-09-19
NVDA,175.5,2025-10-17,27,Put,170.00,-3.78%,3.7,3.8,8050,80982,"+1,825",0.1,35.85%,-0.318869,2025-09-19
LAES,4.21,2027-01-15,482,Call,5.00,-16.55%,1,1.85,7965,42151,"+1,823",0.19,61.21%,0.579999,2025-09-19
INTC,29.51,2025-11-21,62,Call,32.00,-8.18%,1.84,1.91,1356,7874,"+1,818",0.17,56.63%,0.418797,2025-09-19
GOOGL,253.37,2025-09-26,6,Put,245.00,-3.82%,0.9,1.09,6098,3295,"+1,814",1.85,31.93%,-0.162231,2025-09-19
SNAP,8.81,2028-01-21,853,Call,10.00,-22.55%,2.9,2.95,904,2793,"+1,810",0.32,67.10%,0.653415,2025-09-19
NVDA,175.5,2026-01-16,118,Put,150.00,-15.10%,4.8,4.9,8539,60272,"+1,808",0.14,40.78%,-0.192163,2025-09-19
BA,214.9,2025-11-21,62,Call,235.00,-8.97%,5.45,5.8,638,6569,"+1,806",0.1,35.13%,0.30119,2025-09-19
PLUG,2.22,2026-01-16,118,Call,2.00,+8.26%,0.58,0.6,3354,29260,"+1,803",0.11,105.70%,0.67926,2025-09-19
AMD,157.32,2025-09-26,6,Put,140.00,-11.05%,0.19,0.2,1395,4022,"+1,796",0.35,54.13%,-0.041715,2025-09-19
SOFI,29.33,2025-10-17,27,Call,29.00,+1.73%,2.21,2.23,5457,16911,"+1,794",0.32,60.45%,0.582284,2025-09-19
MARA,17.67,2025-09-26,6,Put,17.50,-4.32%,0.33,0.34,2697,2936,"+1,789",0.92,71.52%,-0.296603,2025-09-19
MARA,17.67,2025-09-26,6,Call,22.00,-20.28%,0.12,0.13,931,2565,"+1,786",0.36,110.61%,0.110002,2025-09-19
NVDA,175.5,2025-11-21,62,Call,210.00,-18.87%,2.26,2.37,1810,24931,"+1,781",0.07,38.64%,0.168206,2025-09-19
CMG,39.15,2026-01-16,118,Call,45.00,-14.45%,1.66,1.72,1111,12373,"+1,775",0.09,38.88%,0.329673,2025-09-19
EOSE,10.45,2028-01-21,853,Call,15.00,-53.69%,3.8,4.1,1436,5226,"+1,770",0.27,85.87%,0.652253,2025-09-19
NVDA,175.5,2025-12-19,90,Call,195.00,-10.38%,7.05,7.15,563,17730,"+1,769",0.03,37.64%,0.351293,2025-09-19
OPEN,9.18,2025-09-26,6,Put,8.50,-11.18%,0.3,0.32,69437,5473,"+1,761",12.69,154.62%,-0.241821,2025-09-19
PLUG,2.22,2027-01-15,482,Call,1.00,+54.13%,1.25,1.39,1715,14703,"+1,760",0.12,77.06%,0.915735,2025-09-19
INTC,29.51,2028-01-21,853,Call,35.00,-18.32%,7.05,7.35,1001,1934,"+1,758",0.52,50.20%,0.566951,2025-09-19
MRVL,73.23,2025-09-26,6,Put,74.00,-0.35%,2.25,2.39,706,1787,"+1,757",0.4,63.30%,-0.463992,2025-09-19
MRNA,25.03,2025-10-17,27,Put,20.00,-20.76%,0.3,0.32,1993,23122,"+1,753",0.09,78.11%,-0.112137,2025-09-19
ADBE,364,2025-12-19,90,Call,400.00,-9.32%,15.9,16.3,1169,5260,"+1,752",0.22,38.09%,0.372927,2025-09-19
KVUE,17.58,2025-10-17,27,Put,18.00,-1.85%,0.75,0.8,977,32210,"+1,747",0.03,46.78%,-0.415648,2025-09-19
INTC,29.51,2025-10-03,13,Call,31.00,-4.80%,0.74,0.77,2800,2104,"+1,747",1.33,58.95%,0.360185,2025-09-19
LULU,168.65,2025-10-10,20,Call,195.00,-14.96%,0.77,0.83,617,1872,"+1,745",0.33,44.04%,0.10062,2025-09-19
INTC,29.51,2025-10-31,41,Call,35.00,-18.32%,0.89,0.98,1865,1747,"+1,744",1.07,67.21%,0.266544,2025-09-19
NVO,60.28,2025-10-17,27,Put,55.00,-10.42%,0.64,0.67,858,10073,"+1,741",0.09,43.77%,-0.159924,2025-09-19
AAPL,247.58,2025-10-03,13,Call,240.00,+2.24%,7.65,7.85,9846,7531,"+1,740",1.31,23.35%,0.714807,2025-09-19
SBUX,84.27,2025-10-17,27,Put,80.00,-5.39%,1.02,1.05,957,9846,"+1,736",0.1,30.71%,-0.236272,2025-09-19
INTC,29.51,2025-10-03,13,Call,32.00,-8.18%,0.55,0.57,2724,2028,"+1,733",1.34,62.79%,0.275261,2025-09-19
MU,162.62,2026-01-16,118,Call,210.00,-29.05%,6.95,7.1,2251,3917,"+1,732",0.57,54.54%,0.26471,2025-09-19
JEF,69.05,2025-10-17,27,Call,72.50,-4.33%,1.7,2.8,1057,1783,"+1,721",0.59,39.74%,0.372223,2025-09-19
CLSK,13.16,2025-12-19,90,Call,20.00,-46.84%,0.96,1.01,935,11518,"+1,715",0.08,97.71%,0.298453,2025-09-19
SNAP,8.81,2025-09-26,6,Put,8.00,-1.96%,0.15,0.16,4678,2966,"+1,707",1.58,53.96%,-0.370871,2025-09-19
MSFT,515.1,2025-10-17,27,Call,510.00,+1.53%,16.55,16.85,3338,9609,"+1,703",0.35,20.66%,0.637045,2025-09-19
FLR,44.53,2025-10-17,27,Call,45.00,-0.90%,2.5,2.6,7549,6200,"+1,698",1.22,55.51%,0.512894,2025-09-19
HTZ,6.81,2025-09-26,6,Call,7.00,-2.94%,0.3,0.4,4855,2346,"+1,696",2.07,110.58%,0.448845,2025-09-19
NVO,60.28,2025-11-21,62,Call,70.00,-14.01%,2.39,2.43,1145,4393,"+1,680",0.26,52.88%,0.314032,2025-09-19
IREN,41.95,2025-09-26,6,Call,40.00,-3.52%,1.66,1.8,9612,9128,"+1,680",1.05,119.88%,0.4429,2025-09-19
CMG,39.15,2026-01-16,118,Call,40.00,-1.73%,3.3,3.45,2415,7516,"+1,680",0.32,39.02%,0.536851,2025-09-19
UAMY,6.51,2026-02-20,153,Call,7.50,-15.56%,1.5,1.65,4700,11694,"+1,678",0.4,115.09%,0.579708,2025-09-19
SOUN,16,2025-11-21,62,Call,18.00,-10.77%,2.26,2.28,1556,2672,"+1,675",0.58,108.34%,0.504046,2025-09-19
APH,123.55,2025-10-17,27,Call,135.00,-8.92%,1.1,1.2,2046,1818,"+1,675",1.13,33.34%,0.193031,2025-09-19
BLSH,66.8,2025-09-26,6,Call,70.00,-1.19%,2.75,2.9,3206,3237,"+1,671",0.99,90.56%,0.485117,2025-09-19
PLTR,180.35,2025-09-26,6,Put,175.00,-4.05%,1.91,2,18054,2368,"+1,669",7.62,52.52%,-0.255484,2025-09-19
PLTR,180.35,2025-09-26,6,Call,195.00,-6.91%,1.02,1.06,8750,3440,"+1,664",2.54,51.78%,0.16774,2025-09-19
BAC,51.87,2025-09-26,6,Call,52.00,+0.48%,0.72,0.77,1662,3737,"+1,663",0.44,21.99%,0.577944,2025-09-19
FSLR,213.4,2025-10-24,34,Call,230.00,-8.24%,6.7,7.6,556,1711,"+1,657",0.32,50.34%,0.339727,2025-09-19
DIS,112,2025-09-26,6,Put,113.00,-0.67%,1.1,1.2,2297,1807,"+1,653",1.27,25.30%,-0.407477,2025-09-19
IREN,41.95,2025-09-26,6,Call,37.00,+4.24%,2.68,3.5,2023,2420,"+1,652",0.84,111.56%,0.647935,2025-09-19
WULF,10.81,2025-10-17,27,Call,13.00,-18.40%,0.41,0.45,2532,38993,"+1,650",0.06,97.21%,0.278863,2025-09-19
OPEN,9.18,2025-10-03,13,Call,10.00,-4.49%,0.99,1.01,8733,9868,"+1,649",0.88,164.52%,0.507426,2025-09-19
JD,34.82,2025-09-26,6,Call,37.00,-5.41%,0.37,0.38,6229,5080,"+1,649",1.23,58.45%,0.248459,2025-09-19
COIN,333.64,2025-09-26,6,Call,385.00,-12.42%,1.38,1.94,878,2038,"+1,647",0.43,71.20%,0.109471,2025-09-19
TSLA,431.4,2025-09-26,6,Put,430.00,+0.92%,13.7,13.85,8235,2869,"+1,643",2.87,54.05%,-0.535879,2025-09-19
INTC,29.51,2026-02-20,153,Call,32.00,-8.18%,3.1,3.2,602,6408,"+1,643",0.09,53.26%,0.485818,2025-09-19
INTC,29.51,2025-10-03,13,Call,33.00,-11.56%,0.41,0.43,4096,1786,"+1,642",2.29,67.16%,0.213906,2025-09-19
CLSK,13.16,2025-09-26,6,Call,14.00,-2.79%,0.51,0.52,3050,7282,"+1,638",0.42,97.69%,0.439814,2025-09-19
ZIM,14.36,2026-01-16,118,Call,16.66,-15.94%,0.95,1,1538,23534,"+1,631",0.07,53.68%,0.377507,2025-09-19
BLSH,66.8,2025-09-26,6,Put,56.00,-19.05%,0,0.35,1027,1687,"+1,631",0.61,104.32%,-0.049253,2025-09-19
GRAB,6.29,2025-09-26,6,Call,7.00,-9.55%,0.05,0.1,3749,2978,"+1,630",1.26,91.87%,0.239077,2025-09-19
NVDA,175.5,2025-09-26,6,Put,170.00,-3.78%,1.01,1.06,26797,16717,"+1,626",1.6,38.18%,-0.205044,2025-09-19
KODK,6.18,2025-10-17,27,Call,7.50,-21.16%,0.15,0.2,2985,9521,"+1,616",0.31,80.57%,0.226027,2025-09-19
INTC,29.51,2025-12-19,90,Put,29.00,-1.96%,2.5,2.55,801,1933,"+1,616",0.41,49.92%,-0.411166,2025-09-19
BMNR,58.64,2025-10-17,27,Call,105.00,-71.32%,1.48,1.63,1905,5849,"+1,616",0.33,153.79%,0.142244,2025-09-19
EBAY,90.88,2025-09-26,6,Put,88.00,-3.41%,0.32,0.48,1699,1682,"+1,615",1.01,32.06%,-0.190316,2025-09-19
MSTR,337,2025-09-26,6,Call,380.00,-10.22%,1.44,1.56,26977,4278,"+1,613",6.31,61.07%,0.115988,2025-09-19
SOFI,29.33,2026-01-16,118,Put,26.00,-11.89%,2.34,2.39,1340,4031,"+1,611",0.33,64.13%,-0.288402,2025-09-19
QUBT,20.2,2025-09-26,6,Call,20.00,+14.05%,3.6,3.8,3074,2590,"+1,609",1.19,126.36%,0.846192,2025-09-19
WULF,10.81,2026-01-16,118,Put,10.00,-8.93%,1.49,1.54,1254,12645,"+1,606",0.1,69.25%,-0.376152,2025-09-19
TSLA,431.4,2025-09-26,6,Put,420.00,-1.42%,8.65,8.75,18704,4646,"+1,602",4.03,53.61%,-0.400611,2025-09-19
MIR,24.44,2026-02-20,153,Call,25.00,-2.29%,2.85,3.2,1001,3018,"+1,599",0.33,48.69%,0.555459,2025-09-19
INTC,29.51,2025-10-17,27,Put,29.00,-1.96%,1.31,1.34,4664,1925,"+1,597",2.42,50.65%,-0.410984,2025-09-19
CPNG,32.66,2025-10-17,27,Call,36.00,-9.56%,0.1,0.27,2042,7641,"+1,592",0.27,27.45%,0.126704,2025-09-19
UPST,67.09,2025-09-26,6,Call,70.00,-3.11%,1.63,1.69,3430,4641,"+1,587",0.74,72.93%,0.392425,2025-09-19
BABA,163.95,2025-10-17,27,Call,155.00,+4.80%,12.25,13.35,1233,21107,"+1,587",0.06,45.63%,0.67977,2025-09-19
BTBT,3.04,2025-09-26,6,Call,3.00,+3.85%,0.2,0.25,1709,7939,"+1,584",0.22,110.09%,0.638152,2025-09-19
PLUG,2.22,2025-10-17,27,Call,3.00,-37.61%,0.09,0.11,5461,3289,"+1,583",1.66,140.21%,0.261633,2025-09-19
PLTR,180.35,2025-10-10,20,Put,185.00,+1.43%,9.65,9.85,581,1616,"+1,575",0.36,50.02%,-0.519266,2025-09-19
SHLS,7.34,2025-10-17,27,Call,8.00,-9.74%,0.4,0.5,518,17634,"+1,574",0.03,89.96%,0.40342,2025-09-19
NVDA,175.5,2025-10-03,13,Put,175.00,-0.95%,3.6,3.75,6964,5974,"+1,574",1.17,34.32%,-0.421465,2025-09-19
NVDA,175.5,2025-09-26,6,Put,157.50,-10.85%,0.23,0.24,5361,4570,"+1,571",1.17,54.33%,-0.045218,2025-09-19
INTC,29.51,2025-11-21,62,Call,34.00,-14.94%,1.36,1.4,4217,3041,"+1,571",1.39,59.32%,0.33267,2025-09-19
BMNR,58.64,2025-09-26,6,Call,70.00,-14.21%,1,1.25,8569,4968,"+1,564",1.72,122.66%,0.223072,2025-09-19
RIVN,14.33,2025-09-26,6,Put,14.00,-2.64%,0.25,0.28,3466,4869,"+1,561",0.71,60.28%,-0.347144,2025-09-19
OPEN,9.18,2025-09-26,6,Call,12.50,-30.62%,0.21,0.23,3601,3663,"+1,555",0.98,204.38%,0.187896,2025-09-19
NIO,7.34,2026-02-20,153,Call,10.00,-35.69%,0.79,0.82,552,11423,"+1,555",0.05,80.89%,0.386451,2025-09-19
BBAI,6.82,2026-03-20,181,Call,10.00,-45.99%,1.25,1.35,889,4711,"+1,552",0.19,112.63%,0.477391,2025-09-19
PLTR,180.35,2025-09-26,6,Put,170.00,-6.79%,1.05,1.08,13430,2942,"+1,551",4.56,55.73%,-0.151644,2025-09-19
SNOW,229.43,2025-09-26,6,Call,237.50,-3.05%,1.87,2,7120,7598,"+1,548",0.94,38.17%,0.282942,2025-09-19
QUBT,20.2,2025-10-03,13,Call,19.50,+16.20%,4.4,4.6,1639,1598,"+1,547",1.03,130.01%,0.802187,2025-09-19
GOOG,253.74,2026-09-18,363,Call,290.00,-13.62%,23.6,23.95,652,1650,"+1,547",0.4,33.02%,0.451575,2025-09-19
WOLF,2.17,2025-12-19,90,Call,3.00,-34.53%,0.23,0.27,549,6424,"+1,546",0.09,102.38%,0.378385,2025-09-19
ETSY,64.9,2025-10-17,27,Call,65.00,-0.02%,3.45,3.55,1011,7218,"+1,545",0.14,48.33%,0.535427,2025-09-19
AMZN,230.9,2025-09-26,6,Call,245.00,-5.84%,0.26,0.28,17771,9222,"+1,545",1.93,29.62%,0.072574,2025-09-19
AMD,157.32,2025-10-17,27,Call,155.00,+1.52%,8.85,9.05,2571,11379,"+1,543",0.23,43.87%,0.585028,2025-09-19
IONQ,67.91,2025-10-17,27,Call,65.00,+7.68%,9.75,10.75,797,8344,"+1,541",0.1,101.76%,0.66962,2025-09-19
QS,13.05,2025-09-26,6,Call,15.00,-11.77%,0.46,0.48,4865,1997,"+1,540",2.44,148.72%,0.313925,2025-09-19
QS,13.05,2025-09-26,6,Call,12.50,+6.86%,1.32,1.5,3674,1820,"+1,539",2.02,131.14%,0.695236,2025-09-19
INTC,29.51,2025-10-03,13,Put,29.50,-0.27%,1.12,1.16,2815,1531,"+1,531",1.84,54.10%,-0.465923,2025-09-19
WRD,11.8,2026-01-16,118,Call,12.50,-8.41%,1.8,1.95,982,5249,"+1,530",0.19,81.29%,0.533692,2025-09-19
CSCO,67.88,2025-10-17,27,Call,70.00,-2.62%,0.72,0.78,4577,14553,"+1,529",0.31,19.53%,0.331611,2025-09-19
SNOW,229.43,2025-09-26,6,Call,227.50,+1.29%,5.35,6.5,666,1816,"+1,528",0.37,32.95%,0.635365,2025-09-19
CFLT,19.97,2025-11-21,62,Call,22.00,-9.73%,1.6,1.75,2049,23934,"+1,528",0.09,71.84%,0.443781,2025-09-19
APH,123.55,2025-10-17,27,Put,115.00,-7.21%,1.25,1.45,1455,2364,"+1,528",0.62,34.34%,-0.190739,2025-09-19
GOOG,253.74,2026-09-18,363,Put,225.00,-11.85%,16.2,16.7,664,1587,"+1,527",0.42,33.64%,-0.266392,2025-09-19
GRAB,6.29,2027-01-15,482,Call,10.00,-56.49%,0.85,0.9,10603,191702,"+1,525",0.06,59.72%,0.405181,2025-09-19
AVGO,342.49,2025-09-26,6,Put,332.50,-3.61%,2.58,2.81,999,1923,"+1,525",0.52,42.45%,-0.238242,2025-09-19
HIMS,57.14,2025-09-26,6,Call,65.00,-12.42%,0.52,0.56,2447,2228,"+1,524",1.1,88.96%,0.167758,2025-09-19
WFC,84.05,2025-09-26,6,Call,83.00,+1.94%,2.06,2.3,672,2514,"+1,520",0.27,30.29%,0.702649,2025-09-19
QS,13.05,2025-09-26,6,Call,13.00,+3.13%,1.11,1.14,10468,3561,"+1,517",2.94,134.81%,0.608163,2025-09-19
INTC,29.51,2025-10-17,27,Call,37.00,-25.08%,0.34,0.38,638,3116,"+1,516",0.2,69.03%,0.138161,2025-09-19
BEKE,19.42,2025-12-19,90,Put,19.00,-3.75%,1.22,1.5,1012,2511,"+1,513",0.4,43.84%,-0.391112,2025-09-19
BULL,13.27,2026-01-16,118,Call,12.50,+5.94%,2.82,2.95,2110,13766,"+1,510",0.15,83.17%,0.653088,2025-09-19
WOLF,2.17,2025-09-26,6,Call,2.50,-12.11%,0.2,0.21,4547,18390,"+1,509",0.25,271.88%,0.439754,2025-09-19
CELH,54.4,2025-10-03,13,Call,59.00,-7.80%,0.65,0.69,1650,1577,"+1,503",1.05,50.42%,0.233951,2025-09-19
RCAT,10.33,2025-09-26,6,Put,9.00,-13.96%,0.1,0.15,1930,1710,"+1,501",1.13,113.76%,-0.133902,2025-09-19
MSTR,337,2027-12-17,818,Call,670.00,-94.34%,53.25,62.8,1505,2491,"+1,500",0.6,58.02%,0.405032,2025-09-19
CSTM,15.43,2025-11-21,62,Call,17.00,-10.17%,0.75,0.85,537,1521,"+1,500",0.35,54.37%,0.386429,2025-09-19
OPEN,9.18,2025-10-03,13,Call,21.00,-119.44%,0.13,0.14,2094,4398,"+1,496",0.48,253.32%,0.080518,2025-09-19
QUBT,20.2,2025-10-03,13,Call,20.50,+11.90%,3.8,4,1555,1515,"+1,490",1.03,142.56%,0.729535,2025-09-19
LULU,168.65,2025-09-26,6,Call,177.50,-4.65%,0.81,0.95,1523,1674,"+1,490",0.91,39.32%,0.194497,2025-09-19
BABA,163.95,2025-09-26,6,Call,170.00,-4.42%,1.9,2.03,9243,9227,"+1,486",1,55.27%,0.284293,2025-09-19
BMNR,58.64,2025-10-17,27,Call,65.00,-6.05%,6.55,6.9,3747,6253,"+1,474",0.6,122.44%,0.499845,2025-09-19
ETNB,14.92,2025-10-17,27,Call,15.00,-0.87%,0.05,0.1,1196,1469,"+1,469",0.81,8.48%,0.410154,2025-09-19
AMD,157.32,2025-09-26,6,Call,170.00,-8.01%,0.57,0.62,11940,15762,"+1,469",0.76,50.03%,0.123344,2025-09-19
RGTI,26.52,2025-09-26,6,Put,23.00,-19.35%,0.45,0.56,6008,1617,"+1,459",3.72,169.73%,-0.135585,2025-09-19
AMD,157.32,2026-01-16,118,Call,390.00,-147.79%,0.09,0.1,1036,22699,"+1,459",0.05,59.19%,0.006415,2025-09-19
INTC,29.51,2025-10-10,20,Call,36.00,-21.70%,0.3,0.33,806,1467,"+1,457",0.55,69.66%,0.132451,2025-09-19
TSLA,431.4,2025-10-24,34,Put,380.00,-10.81%,11.7,11.85,859,2029,"+1,455",0.42,60.55%,-0.232683,2025-09-19
CLSK,13.16,2025-09-26,6,Call,15.00,-10.13%,0.26,0.29,3341,2844,"+1,455",1.17,105.16%,0.260034,2025-09-19
RXRX,5.08,2025-10-17,27,Call,6.00,-22.20%,0.25,0.3,1792,24801,"+1,450",0.07,121.23%,0.33231,2025-09-19
MSTR,337,2025-09-26,6,Put,305.00,-11.53%,1.16,1.35,629,2007,"+1,447",0.31,72.79%,-0.085913,2025-09-19
VALE,10.92,2025-10-03,13,Put,11.00,+1.29%,0.24,0.28,509,1473,"+1,439",0.35,20.28%,-0.641873,2025-09-19
HOOD,123.55,2025-09-26,6,Call,122.00,+2.23%,5.15,5.35,7347,5794,"+1,438",1.27,57.02%,0.638534,2025-09-19
MLTX,53,2025-10-17,27,Call,80.00,-48.75%,4.7,5.5,1063,6639,"+1,436",0.16,207.86%,0.339351,2025-09-19
SNAP,8.81,2026-06-18,271,Call,10.00,-22.55%,1.39,1.44,2411,27048,"+1,435",0.09,70.21%,0.505197,2025-09-19
INTC,29.51,2025-10-31,41,Call,30.00,-1.42%,2,2.21,1104,2881,"+1,435",0.38,59.13%,0.515871,2025-09-19
EQX,11.05,2026-01-16,118,Call,12.50,-15.74%,0.65,0.7,1330,37937,"+1,433",0.04,49.64%,0.37047,2025-09-19
BB,4.21,2026-03-20,181,Call,7.00,-66.27%,0.19,0.22,686,2251,"+1,433",0.3,67.79%,0.215645,2025-09-19
JPM,309.44,2025-09-26,6,Call,320.00,-1.66%,1.42,1.59,2462,2289,"+1,428",1.08,21.39%,0.284018,2025-09-19
AMD,157.32,2025-09-26,6,Call,157.50,-0.07%,3.65,3.75,12490,5513,"+1,423",2.27,45.96%,0.51184,2025-09-19
MARA,17.67,2025-09-26,6,Put,18.00,-1.59%,0.53,0.55,6433,1891,"+1,422",3.4,72.24%,-0.410882,2025-09-19
PLUG,2.22,2025-10-31,41,Call,3.00,-37.61%,0.11,0.18,552,1867,"+1,416",0.3,129.64%,0.306119,2025-09-19
OPEN,9.18,2025-10-03,13,Call,11.00,-14.94%,0.73,0.75,4965,8501,"+1,415",0.58,174.20%,0.399518,2025-09-19
ORCL,306,2025-09-26,6,Call,310.00,-0.43%,7.5,8,10173,4250,"+1,408",2.39,52.26%,0.491123,2025-09-19
PBR,12.54,2026-12-18,454,Put,10.00,-20.76%,0.91,1.01,6051,50619,"+1,404",0.12,42.02%,-0.218638,2025-09-19
HOOD,123.55,2025-09-26,6,Call,123.00,+1.43%,4.6,4.75,5939,1775,"+1,398",3.35,57.48%,0.595413,2025-09-19
OPEN,9.18,2025-10-03,13,Call,10.50,-9.72%,0.83,0.87,2748,3726,"+1,395",0.74,168.36%,0.448987,2025-09-19
TIC,14.39,2026-03-20,181,Call,17.50,-21.53%,1.55,1.75,650,1875,"+1,393",0.35,64.35%,0.435628,2025-09-19
PDD,128.64,2025-09-26,6,Call,140.00,-8.13%,0.24,0.32,2028,4062,"+1,390",0.5,44.18%,0.090201,2025-09-19
ASPI,9.94,2025-12-19,90,Call,10.00,-1.42%,2.1,2.25,2881,13436,"+1,389",0.21,109.68%,0.604378,2025-09-19
BMNR,58.64,2025-09-26,6,Put,55.00,-10.26%,1.23,1.31,2986,2485,"+1,388",1.2,120.59%,-0.217149,2025-09-19
PLTR,180.35,2025-10-17,27,Call,195.00,-6.91%,5.3,5.45,1985,5685,"+1,382",0.35,50.30%,0.345709,2025-09-19
PFE,24.36,2025-09-26,6,Put,24.00,-0.12%,0.24,0.28,13567,5262,"+1,377",2.58,21.98%,-0.482162,2025-09-19
NIO,7.34,2025-09-26,6,Call,8.50,-15.33%,0.13,0.16,14992,7974,"+1,377",1.88,135.51%,0.232637,2025-09-19
NRGV,3.09,2025-11-21,62,Call,3.00,+3.54%,0.65,0.8,840,4139,"+1,369",0.2,138.19%,0.64077,2025-09-19
SOUN,16,2025-09-26,6,Call,16.50,-1.54%,0.77,0.78,5979,6092,"+1,365",0.98,106.88%,0.484951,2025-09-19
INTC,29.51,2025-10-03,13,Put,32.00,+8.18%,2.84,2.96,1039,1365,"+1,364",0.76,61.55%,-0.73048,2025-09-19
BIDU,139.24,2025-09-26,6,Call,140.00,-3.44%,2.68,2.87,3377,3950,"+1,364",0.85,66.47%,0.364882,2025-09-19
BAC,51.87,2025-12-19,90,Call,50.00,+4.31%,4.05,4.15,1103,16501,"+1,363",0.07,26.73%,0.664267,2025-09-19
NVDA,175.5,2025-10-24,34,Call,195.00,-10.38%,1.72,1.77,3557,3612,"+1,362",0.98,33.07%,0.186998,2025-09-19
OPEN,9.18,2025-09-26,6,Call,11.50,-20.17%,0.3,0.33,5595,8208,"+1,362",0.68,184.24%,0.25568,2025-09-19
AR,31.98,2025-10-17,27,Call,34.00,-7.26%,0.55,0.7,588,2070,"+1,362",0.28,39.08%,0.282355,2025-09-19
AMZN,230.9,2025-09-26,6,Put,232.50,+0.44%,3.6,3.75,9983,3363,"+1,360",2.97,26.91%,-0.537906,2025-09-19
AG,10.89,2025-09-26,6,Call,10.00,+5.84%,0.71,0.76,2254,2443,"+1,360",0.92,64.18%,0.78243,2025-09-19
MARA,17.67,2025-11-21,62,Call,20.00,-9.35%,1.83,1.87,1341,1779,"+1,353",0.75,82.33%,0.470996,2025-09-19
SOUN,16,2025-09-26,6,Call,17.00,-4.62%,0.6,0.61,6909,3885,"+1,348",1.78,109.24%,0.402414,2025-09-19
CIFR,12.75,2025-11-21,62,Call,16.00,-30.29%,1.5,1.76,1106,1347,"+1,347",0.82,140.67%,0.438678,2025-09-19
AVXL,8.46,2026-01-16,118,Put,8.00,-5.44%,2.05,4.1,1134,2623,"+1,346",0.43,130.88%,-0.322965,2025-09-19
META,778.99,2025-10-17,27,Call,850.00,-9.20%,4,4.15,1121,6393,"+1,342",0.18,27.88%,0.139299,2025-09-19
MU,162.62,2025-12-19,90,Call,185.00,-13.69%,10.55,10.7,2260,2626,"+1,341",0.86,55.99%,0.385988,2025-09-19
AMD,157.32,2025-10-17,27,Call,170.00,-8.01%,3.3,3.35,9024,17853,"+1,341",0.51,44.94%,0.293465,2025-09-19
CMCSA,31.6,2026-03-20,181,Call,32.50,-2.88%,1.97,2.11,1633,3038,"+1,340",0.54,27.80%,0.471692,2025-09-19
TSLA,431.4,2025-09-26,6,Call,450.00,-5.62%,4.25,4.35,33176,13475,"+1,339",2.46,56.81%,0.240686,2025-09-19
WFC,84.05,2025-10-10,20,Call,85.00,-0.43%,1.88,2,1950,3269,"+1,337",0.6,26.00%,0.491744,2025-09-19
AAPL,247.58,2025-10-10,20,Call,245.00,+0.20%,5.55,5.75,7902,4645,"+1,335",1.7,22.79%,0.541699,2025-09-19
ZIM,14.36,2025-09-26,6,Call,15.50,-7.86%,0.1,0.14,1056,1674,"+1,331",0.63,62.17%,0.182836,2025-09-19
BBAI,6.82,2025-09-26,6,Call,6.50,+5.11%,0.55,0.6,7986,8897,"+1,330",0.9,100.89%,0.682857,2025-09-19
RIVN,14.33,2025-09-26,6,Call,16.00,-11.27%,0.09,0.11,2355,3778,"+1,327",0.62,75.13%,0.146228,2025-09-19
TNK,53.46,2025-10-17,27,Call,55.00,-2.88%,1.9,2,660,3075,"+1,326",0.21,45.29%,0.43816,2025-09-19
CAH,149.6,2025-09-26,6,Call,157.50,-5.28%,0.05,0.2,7748,1346,"+1,325",5.76,25.57%,0.061959,2025-09-19
CRWV,123.6,2025-09-26,6,Put,119.00,-4.69%,2.56,2.94,1055,1488,"+1,324",0.71,84.50%,-0.307263,2025-09-19
CRCL,139.37,2025-09-26,6,Call,150.00,-4.07%,4.4,4.85,5017,2311,"+1,324",2.17,94.62%,0.396646,2025-09-19
AMD,157.32,2025-10-17,27,Call,175.00,-11.19%,2.31,2.35,3550,13072,"+1,324",0.27,45.50%,0.220846,2025-09-19
AMZN,230.9,2025-11-21,62,Call,230.00,+0.64%,13.8,14,1752,13252,"+1,319",0.13,32.24%,0.566871,2025-09-19
MSTR,337,2025-09-26,6,Put,325.00,-5.73%,2.96,3.4,2517,2503,"+1,307",1.01,58.17%,-0.201325,2025-09-19
AMZN,230.9,2025-10-17,27,Call,280.00,-20.96%,0.17,0.2,1906,7249,"+1,306",0.26,34.07%,0.024265,2025-09-19
LYFT,22.46,2025-10-17,27,Call,23.00,-1.86%,1.25,1.29,680,3013,"+1,296",0.23,58.66%,0.493744,2025-09-19
BITF,3.1,2026-01-16,118,Call,3.50,-12.18%,1.09,1.11,1876,14106,"+1,293",0.13,177.80%,0.657138,2025-09-19
HTZ,6.81,2025-10-17,27,Call,7.50,-10.29%,0.4,0.45,3929,20314,"+1,290",0.19,88.81%,0.392939,2025-09-19
LDI,3.7,2025-11-21,62,Call,5.00,-34.41%,0.5,0.6,644,6740,"+1,288",0.1,182.82%,0.399582,2025-09-19
TSLA,431.4,2025-09-26,6,Call,430.00,-0.92%,10,10.1,31125,11154,"+1,286",2.79,53.76%,0.464766,2025-09-19
AMC,2.94,2027-01-15,482,Call,10.00,-232.23%,0.33,0.35,1991,27005,"+1,280",0.07,94.54%,0.273794,2025-09-19
INTC,29.51,2025-10-17,27,Call,36.00,-21.70%,0.42,0.45,2483,10052,"+1,278",0.25,67.34%,0.165759,2025-09-19
EOSE,10.45,2026-01-16,118,Call,12.50,-28.07%,1.33,1.42,9467,17750,"+1,278",0.53,99.80%,0.448523,2025-09-19
WBD,19.43,2025-10-17,27,Call,19.00,+1.71%,1.67,1.76,6220,13526,"+1,277",0.46,71.72%,0.580136,2025-09-19
ASST,4.46,2025-10-17,27,Call,5.00,-16.28%,0.55,0.6,8261,12659,"+1,275",0.65,175.66%,0.472029,2025-09-19
OPEN,9.18,2025-10-17,27,Call,13.00,-35.84%,0.85,0.88,8350,14812,"+1,274",0.56,178.26%,0.350899,2025-09-19
JD,34.82,2026-01-16,118,Call,35.00,+0.28%,4,4.05,5367,50878,"+1,273",0.11,55.01%,0.534488,2025-09-19
INTC,29.51,2025-10-31,41,Call,36.00,-21.70%,0.8,0.85,1290,1370,"+1,272",0.94,68.57%,0.232994,2025-09-19
SBUX,84.27,2025-09-26,6,Call,86.00,-1.70%,0.75,0.82,2178,3060,"+1,270",0.71,31.78%,0.348792,2025-09-19
INTC,29.51,2025-10-03,13,Put,28.00,-5.34%,0.5,0.52,2536,1278,"+1,270",1.98,53.04%,-0.271881,2025-09-19
MSFT,515.1,2025-09-26,6,Call,510.00,+1.53%,10.55,10.75,6140,3272,"+1,267",1.88,21.28%,0.72616,2025-09-19
WOLF,2.17,2025-09-26,6,Put,2.00,-10.31%,0.34,0.35,4226,9447,"+1,266",0.45,427.69%,-0.317832,2025-09-19
SOUN,16,2025-11-21,62,Call,16.00,+1.54%,2.93,2.98,2182,12954,"+1,264",0.17,105.47%,0.606195,2025-09-19
ONDS,6.83,2025-12-19,90,Call,7.50,-11.61%,1.45,1.55,955,10305,"+1,264",0.09,133.20%,0.571307,2025-09-19
PATH,12.1,2027-01-15,482,Call,17.00,-43.22%,1.49,1.56,608,4979,"+1,261",0.12,51.81%,0.410845,2025-09-19
CAH,149.6,2025-09-26,6,Put,146.00,-2.41%,0.65,2.05,2032,1334,"+1,260",1.52,30.16%,-0.254416,2025-09-19
NVDA,175.5,2025-10-03,13,Call,175.00,+0.95%,5.5,5.65,3653,10233,"+1,259",0.36,34.91%,0.579424,2025-09-19
AAPL,247.58,2025-10-31,41,Call,240.00,+2.24%,12,12.25,1953,2456,"+1,256",0.8,26.17%,0.636766,2025-09-19
TSLA,431.4,2025-10-10,20,Put,300.00,-29.59%,0.76,0.79,875,2623,"+1,255",0.33,79.89%,-0.023783,2025-09-19
BBAI,6.82,2025-10-10,20,Call,7.00,-2.19%,0.65,0.7,2392,4122,"+1,255",0.58,110.97%,0.522174,2025-09-19
MARA,17.67,2025-10-17,27,Call,24.00,-31.22%,0.42,0.44,2055,4664,"+1,253",0.44,95.34%,0.1825,2025-09-19
INTC,29.51,2025-10-17,27,Call,31.00,-4.80%,1.19,1.23,5218,16515,"+1,250",0.32,55.85%,0.412468,2025-09-19
TSLA,431.4,2025-09-26,6,Call,460.00,-7.96%,2.8,2.84,18430,8588,"+1,249",2.15,59.44%,0.169016,2025-09-19
BSX,98.03,2025-09-26,6,Call,100.00,-2.22%,0.6,0.8,661,5693,"+1,247",0.12,30.16%,0.298162,2025-09-19
UBER,97.73,2025-09-26,6,Put,92.00,-6.61%,0.19,0.29,5311,3225,"+1,246",1.65,40.93%,-0.089863,2025-09-19
AMZN,230.9,2025-10-31,41,Call,235.00,-1.52%,8.65,9.15,530,1836,"+1,246",0.29,32.36%,0.483462,2025-09-19
SOUN,16,2025-09-26,6,Call,18.00,-10.77%,0.38,0.4,5391,3294,"+1,244",1.64,119.83%,0.279493,2025-09-19
MSFT,515.1,2025-09-26,6,Call,515.00,+0.57%,7.05,7.45,11098,4885,"+1,238",2.27,20.55%,0.599255,2025-09-19
ACHR,9.79,2025-09-26,6,Call,9.50,+3.65%,0.6,0.63,7969,3630,"+1,238",2.2,80.90%,0.6618,2025-09-19
ASML,964,2025-09-26,6,Call,970.00,-4.06%,6.3,6.5,539,1264,"+1,236",0.43,40.45%,0.232671,2025-09-19
NIO,7.34,2025-11-21,62,Call,9.00,-22.12%,0.51,0.53,1116,17013,"+1,234",0.07,86.28%,0.357879,2025-09-19
RIOT,17.05,2026-01-16,118,Call,30.00,-71.82%,0.76,0.88,1179,45118,"+1,232",0.03,87.49%,0.208043,2025-09-19
NIO,7.34,2026-06-18,271,Call,10.00,-35.69%,1.24,1.29,726,72627,"+1,232",0.01,78.28%,0.47076,2025-09-19
META,778.99,2025-09-26,6,Call,850.00,-9.20%,0.2,0.23,776,2086,"+1,232",0.37,32.46%,0.01887,2025-09-19
AMD,157.32,2025-12-19,90,Call,155.00,+1.52%,16.85,17,514,4643,"+1,230",0.11,48.45%,0.589132,2025-09-19
AG,10.89,2026-01-16,118,Call,10.00,+5.84%,1.81,1.85,918,31663,"+1,230",0.03,61.80%,0.648505,2025-09-19
TXN,178.6,2025-09-26,6,Call,190.00,-5.93%,0.17,0.35,1523,1473,"+1,228",1.03,32.31%,0.086265,2025-09-19
OPEN,9.18,2025-09-26,6,Put,8.00,-16.41%,0.18,0.19,9662,9137,"+1,228",1.06,160.84%,-0.164722,2025-09-19
GRRR,21.65,2025-10-17,27,Call,25.00,-16.33%,1.1,1.25,4104,2001,"+1,228",2.05,97.42%,0.334877,2025-09-19
PLUG,2.22,2026-01-16,118,Call,2.50,-14.68%,0.41,0.44,2660,16925,"+1,223",0.16,110.51%,0.546547,2025-09-19
TSLA,431.4,2025-10-17,27,Put,400.00,-6.12%,12.95,13.05,3082,4500,"+1,219",0.68,54.10%,-0.301128,2025-09-19
QS,13.05,2025-10-17,27,Put,10.00,-25.48%,0.33,0.35,928,2299,"+1,219",0.4,116.41%,-0.136421,2025-09-19
CLSK,13.16,2025-10-03,13,Call,20.00,-46.84%,0.1,0.13,2060,1217,"+1,217",1.69,136.99%,0.088368,2025-09-19
SOUN,16,2025-09-26,6,Call,17.50,-7.69%,0.49,0.5,4927,1503,"+1,216",3.28,115.97%,0.337478,2025-09-19
NVO,60.28,2025-09-26,6,Call,65.00,-5.86%,0.35,0.39,1371,2171,"+1,214",0.63,47.28%,0.182607,2025-09-19
OPEN,9.18,2027-01-15,482,Call,20.00,-108.99%,3.75,3.9,1336,7590,"+1,207",0.18,132.45%,0.620979,2025-09-19
AG,10.89,2025-10-17,27,Call,10.00,+5.84%,1.06,1.08,1754,21060,"+1,206",0.08,62.50%,0.676045,2025-09-19
INTC,29.51,2025-10-10,20,Put,31.00,+4.80%,2.32,2.37,746,1205,"+1,204",0.62,54.26%,-0.61685,2025-09-19
MSTR,337,2025-09-26,6,Call,355.00,-2.97%,5.75,5.85,46517,2605,"+1,201",17.86,56.06%,0.358734,2025-09-19
GOOGL,253.37,2025-11-21,62,Call,255.00,-0.11%,15.2,15.35,1179,2863,"+1,201",0.41,34.93%,0.543502,2025-09-19
GOOGL,253.37,2025-10-17,27,Put,225.00,-11.67%,0.96,1,2128,8396,"+1,198",0.25,35.12%,-0.084586,2025-09-19
RILY,6.94,2025-10-03,13,Put,7.00,+3.70%,0.83,0.89,1311,1350,"+1,195",0.97,132.19%,-0.51592,2025-09-19
PYPL,67.88,2025-09-26,6,Call,70.00,-2.61%,0.45,0.46,5284,4579,"+1,192",1.15,31.49%,0.274173,2025-09-19
TSLA,431.4,2025-09-26,6,Call,500.00,-17.35%,0.58,0.6,12673,11028,"+1,188",1.15,69.17%,0.039914,2025-09-19
RKLB,47.54,2026-04-17,209,Call,70.00,-46.47%,6.3,6.45,1557,9363,"+1,188",0.17,84.30%,0.403126,2025-09-19
ZETA,21.24,2025-12-19,90,Call,25.00,-16.33%,1.75,1.85,589,3909,"+1,187",0.15,70.58%,0.409797,2025-09-19
NIO,7.34,2025-09-26,6,Put,7.50,+1.76%,0.47,0.52,2682,2189,"+1,186",1.23,114.39%,-0.516807,2025-09-19
MARA,17.67,2025-10-17,27,Call,19.00,-3.88%,1.24,1.28,4471,6661,"+1,186",0.67,78.06%,0.476798,2025-09-19
KO,66.47,2025-10-17,27,Call,67.50,-1.61%,0.83,0.92,7494,3020,"+1,182",2.48,18.24%,0.389654,2025-09-19
CRM,245.76,2025-10-17,27,Call,260.00,-5.22%,3.65,3.85,1592,5574,"+1,180",0.29,30.73%,0.296082,2025-09-19
MU,162.62,2025-11-21,62,Put,140.00,-13.97%,4.7,4.8,573,2603,"+1,176",0.22,54.30%,-0.208893,2025-09-19
BX,186.95,2026-01-16,118,Call,190.00,-1.27%,11.5,12.7,1169,9551,"+1,176",0.12,30.00%,0.515027,2025-09-19
AMPY,4.5,2025-10-17,27,Call,5.00,-11.86%,0.15,0.2,750,23647,"+1,176",0.03,70.00%,0.304205,2025-09-19
FIG,55.79,2025-10-03,13,Call,60.00,-5.62%,1.85,2,1646,1946,"+1,174",0.85,75.68%,0.381951,2025-09-19
AAPL,247.58,2025-09-26,6,Call,260.00,-5.91%,0.17,0.18,15999,7854,"+1,173",2.04,26.84%,0.051386,2025-09-19
INTC,29.51,2025-10-17,27,Put,26.00,-12.10%,0.34,0.36,2795,5935,"+1,172",0.47,50.71%,-0.15437,2025-09-19
CRWD,498.74,2025-09-26,6,Call,500.00,+0.51%,10.9,11.6,1633,1378,"+1,172",1.19,38.16%,0.55686,2025-09-19
IREN,41.95,2025-09-26,6,Call,38.00,+1.66%,2.5,2.63,2278,1870,"+1,170",1.22,112.41%,0.576483,2025-09-19
SOUN,16,2025-11-21,62,Put,13.00,-20.00%,1.07,1.11,1555,1497,"+1,167",1.04,101.12%,-0.224112,2025-09-19
PFE,24.36,2025-10-17,27,Put,24.00,-0.12%,0.54,0.58,2897,21534,"+1,167",0.13,21.28%,-0.490504,2025-09-19
HNGE,55.74,2025-10-17,27,Call,65.00,-14.22%,1.85,1.9,708,4548,"+1,166",0.16,73.80%,0.292527,2025-09-19
VKTX,25.1,2025-10-17,27,Call,30.00,-18.11%,0.94,1.07,571,2833,"+1,164",0.2,89.38%,0.29112,2025-09-19
BAC,51.87,2025-11-21,62,Call,50.00,+4.31%,3.75,3.85,3621,20538,"+1,162",0.18,28.73%,0.675117,2025-09-19
BABA,163.95,2025-09-26,6,Call,162.50,+0.19%,4.35,4.55,3782,2366,"+1,160",1.6,51.07%,0.526481,2025-09-19
NVDA,175.5,2025-09-26,6,Put,180.00,+1.88%,4.85,4.95,9620,5438,"+1,158",1.77,33.10%,-0.658591,2025-09-19
HOOD,123.55,2025-10-03,13,Put,120.00,-3.83%,3.15,3.3,1116,1412,"+1,156",0.79,57.71%,-0.33537,2025-09-19
WBD,19.43,2025-10-17,27,Put,17.00,-12.05%,0.55,0.7,2129,18634,"+1,155",0.11,77.63%,-0.233572,2025-09-19
BULL,13.27,2025-09-26,6,Call,13.50,-1.58%,0.38,0.4,7508,4465,"+1,155",1.68,70.64%,0.452243,2025-09-19
TSLA,431.4,2025-10-17,27,Call,500.00,-17.35%,6.65,6.7,4473,12506,"+1,154",0.36,59.82%,0.188733,2025-09-19
OKLO,131.24,2025-09-26,6,Call,120.00,+11.26%,19.15,21.25,4767,1328,"+1,150",3.59,157.05%,0.757316,2025-09-19
INTC,29.51,2025-10-03,13,Call,34.00,-14.94%,0.31,0.33,3422,1174,"+1,150",2.91,70.14%,0.163712,2025-09-19
RKLB,47.54,2025-09-26,6,Call,52.00,-8.81%,0.71,0.77,2263,2534,"+1,147",0.89,88.15%,0.246896,2025-09-19
GME,26.03,2026-01-16,118,Call,30.00,-15.03%,2.13,2.2,1036,43981,"+1,146",0.02,61.98%,0.401687,2025-09-19
BMNR,58.64,2025-09-26,6,Call,100.00,-63.16%,0.05,0.2,2336,2160,"+1,144",1.08,182.15%,0.024068,2025-09-19
BA,214.9,2025-09-26,6,Call,222.50,-3.18%,1.22,1.34,2059,1973,"+1,144",1.04,33.67%,0.241607,2025-09-19
MU,162.62,2025-09-26,6,Put,165.00,+1.39%,9.5,9.75,1056,1217,"+1,142",0.87,101.75%,-0.514736,2025-09-19
SERV,13.87,2025-10-17,27,Call,13.00,+7.01%,2.15,2.3,524,2129,"+1,136",0.25,112.63%,0.655757,2025-09-19
FSLR,213.4,2025-09-26,6,Call,230.00,-8.24%,0.65,1,1839,1404,"+1,136",1.31,50.26%,0.117871,2025-09-19
INTC,29.51,2025-10-03,13,Put,27.50,-7.03%,0.36,0.38,675,1177,"+1,133",0.57,52.28%,-0.212661,2025-09-19
INTC,29.51,2026-01-16,118,Put,30.00,+1.42%,3.3,3.4,1808,20157,"+1,132",0.09,48.41%,-0.456249,2025-09-19
TSM,266.23,2025-11-21,62,Put,240.00,-9.39%,6.15,6.2,601,3391,"+1,130",0.18,38.49%,-0.232172,2025-09-19
NVDA,175.5,2025-10-03,13,Call,187.50,-6.13%,1,1.02,2189,5372,"+1,130",0.41,32.26%,0.178377,2025-09-19
AMPL,12.1,2025-10-17,27,Call,12.50,-3.56%,0.5,0.55,1410,2873,"+1,130",0.49,52.87%,0.440649,2025-09-19
TSLA,431.4,2025-09-26,6,Call,420.00,+1.42%,14.9,15,12946,8488,"+1,128",1.53,53.11%,0.600734,2025-09-19
ASPI,9.94,2025-10-17,27,Call,10.00,-1.42%,1.15,1.2,10661,20837,"+1,125",0.51,114.65%,0.548137,2025-09-19
AVDL,16.2,2026-01-16,118,Call,17.50,-8.02%,1.65,1.75,2110,7991,"+1,123",0.26,57.28%,0.486406,2025-09-19
QS,13.05,2025-10-17,27,Put,12.00,-10.58%,0.98,1.01,790,1232,"+1,116",0.64,119.39%,-0.303251,2025-09-19
SOFI,29.33,2025-10-17,27,Put,28.00,-5.12%,1.18,1.2,1782,1900,"+1,113",0.94,60.73%,-0.338429,2025-09-19
CLSK,13.16,2025-09-26,6,Call,13.50,+0.88%,0.68,0.73,1451,1604,"+1,113",0.9,95.72%,0.555387,2025-09-19
AAPL,247.58,2025-09-26,6,Put,237.50,-3.26%,0.58,0.6,24986,2404,"+1,113",10.39,25.24%,-0.144984,2025-09-19
WULF,10.81,2025-10-17,27,Call,12.00,-9.29%,0.66,0.7,1770,26061,"+1,110",0.07,96.51%,0.387681,2025-09-19
RUM,7.6,2025-10-17,27,Call,8.00,-4.03%,0.5,0.55,523,3735,"+1,105",0.14,76.92%,0.472478,2025-09-19
JNJ,175.45,2025-09-26,6,Call,180.00,-2.16%,0.1,0.3,1273,2202,"+1,104",0.58,15.69%,0.148658,2025-09-19
NVDA,175.5,2025-10-31,41,Call,190.00,-7.55%,3.45,3.6,1502,30201,"+1,103",0.05,34.26%,0.296234,2025-09-19
SNAP,8.81,2025-10-17,27,Call,10.00,-22.55%,0.11,0.12,20003,71960,"+1,102",0.28,68.32%,0.162509,2025-09-19
OPEN,9.18,2025-10-17,27,Put,6.00,-37.30%,0.21,0.23,2598,11222,"+1,102",0.23,155.08%,-0.092634,2025-09-19
NVTS,6.93,2025-10-17,27,Call,9.00,-28.39%,0.3,0.35,2577,5951,"+1,101",0.43,114.68%,0.26271,2025-09-19
LEN,124.5,2025-09-26,6,Call,134.00,-5.25%,0.5,0.65,1266,1139,"+1,101",1.11,41.19%,0.175298,2025-09-19
QS,13.05,2026-01-16,118,Call,15.00,-11.77%,2.7,2.71,3582,23831,"+1,100",0.15,106.24%,0.555416,2025-09-19
WOLF,2.17,2027-01-15,482,Call,3.00,-34.53%,0.35,0.42,1481,8926,"+1,099",0.17,54.75%,0.467724,2025-09-19
INTC,29.51,2025-11-21,62,Put,27.00,-8.72%,1.25,1.3,647,2203,"+1,096",0.29,51.34%,-0.289082,2025-09-19
AAPL,247.58,2025-10-17,27,Call,260.00,-5.91%,1.41,1.48,21883,19775,"+1,093",1.11,21.80%,0.18682,2025-09-19
SOFI,29.33,2025-10-10,20,Call,28.00,+5.12%,2.5,2.56,4120,3940,"+1,090",1.05,60.52%,0.676674,2025-09-19
QS,13.05,2025-09-26,6,Call,12.00,+10.58%,1.62,1.75,2546,2298,"+1,088",1.11,119.52%,0.791368,2025-09-19
NVDA,175.5,2025-10-10,20,Put,170.00,-3.78%,2.89,2.96,4497,6348,"+1,088",0.71,35.71%,-0.299387,2025-09-19
AMD,157.32,2025-10-03,13,Call,160.00,-1.66%,4.15,4.25,3829,3717,"+1,086",1.03,44.56%,0.446223,2025-09-19
BAC,51.87,2026-03-20,181,Put,50.00,-4.31%,2.46,2.51,592,4808,"+1,084",0.12,25.69%,-0.353085,2025-09-19
TSLA,431.4,2025-09-26,6,Put,390.00,-8.47%,1.71,1.74,5554,4346,"+1,083",1.28,58.15%,-0.10886,2025-09-19
BSX,98.03,2025-10-17,27,Call,105.00,-7.33%,0.95,1.1,940,7535,"+1,082",0.12,31.21%,0.22566,2025-09-19
TSLA,431.4,2025-09-26,6,Put,270.00,-36.63%,0.1,0.12,4485,2328,"+1,081",1.93,141.98%,-0.004659,2025-09-19
GOOGL,253.37,2025-11-21,62,Put,250.00,-1.85%,11.25,11.45,873,2883,"+1,081",0.3,34.38%,-0.40571,2025-09-19
SBET,16.12,2025-10-17,27,Call,30.00,-73.11%,0.29,0.33,1048,25241,"+1,079",0.04,140.93%,0.109019,2025-09-19
META,778.99,2025-09-26,6,Put,750.00,-3.65%,2.25,2.57,1558,2649,"+1,079",0.59,29.48%,-0.154431,2025-09-19
MU,162.62,2025-09-26,6,Call,205.00,-25.98%,0.77,0.82,579,1579,"+1,077",0.37,119.06%,0.076058,2025-09-19
AMD,157.32,2025-10-03,13,Put,145.00,-7.87%,1.14,1.17,835,2224,"+1,075",0.38,45.51%,-0.15531,2025-09-19
COIN,333.64,2025-09-26,6,Call,420.00,-22.64%,0.38,0.52,1040,1595,"+1,073",0.65,83.85%,0.033024,2025-09-19
AMZN,230.9,2025-10-17,27,Call,240.00,-3.68%,3.55,3.6,9597,25080,"+1,071",0.38,26.35%,0.335841,2025-09-19
INTC,29.51,2025-10-10,20,Call,33.00,-11.56%,0.58,0.62,568,1094,"+1,070",0.52,62.94%,0.254661,2025-09-19
PLUG,2.22,2025-10-03,13,Call,2.50,-14.68%,0.11,0.14,8803,2158,"+1,069",4.08,134.07%,0.34135,2025-09-19
BULL,13.27,2026-01-16,118,Call,15.00,-12.87%,2.05,2.1,34923,18414,"+1,069",1.9,87.33%,0.512266,2025-09-19
U,45.6,2026-01-16,118,Put,38.00,-17.48%,2.97,3.1,1054,3706,"+1,068",0.28,68.19%,-0.236591,2025-09-19
NVDA,175.5,2025-12-19,90,Call,220.00,-24.53%,2.35,2.39,989,34323,"+1,066",0.03,37.45%,0.150728,2025-09-19
RGTI,26.52,2025-10-17,27,Put,22.00,-22.86%,1.21,1.26,562,1183,"+1,061",0.48,134.16%,-0.183645,2025-09-19
AMZN,230.9,2025-10-03,13,Call,235.00,-1.52%,3.25,3.35,5446,12679,"+1,061",0.43,26.74%,0.403868,2025-09-19
BTBT,3.04,2026-01-16,118,Call,3.00,+3.85%,0.75,0.8,1512,22813,"+1,060",0.07,102.62%,0.648526,2025-09-19
PLUG,2.22,2025-10-10,20,Call,2.50,-14.68%,0.15,0.22,1320,1926,"+1,059",0.69,128.71%,0.383547,2025-09-19
INTC,29.51,2026-01-16,118,Call,42.00,-41.99%,0.88,0.92,585,13002,"+1,057",0.04,58.19%,0.190818,2025-09-19
UPXI,6.2,2025-09-26,6,Call,7.50,-13.98%,0.17,0.23,607,2908,"+1,054",0.21,153.45%,0.286618,2025-09-19
HIMS,57.14,2025-09-26,6,Call,70.00,-21.07%,0.2,0.24,3295,2373,"+1,052",1.39,96.45%,0.06966,2025-09-19
WULF,10.81,2025-11-21,62,Call,11.00,-0.18%,1.59,1.63,500,5580,"+1,050",0.09,104.41%,0.537726,2025-09-19
ASST,4.46,2025-12-19,90,Call,7.50,-74.42%,0.4,0.75,1476,9762,"+1,050",0.15,131.16%,0.30386,2025-09-19
BABA,163.95,2025-09-26,6,Call,160.00,+1.73%,5.45,5.85,1886,9415,"+1,047",0.2,48.58%,0.623784,2025-09-19
CORZ,16.34,2025-10-17,27,Call,18.00,-8.30%,0.72,0.74,673,16166,"+1,046",0.04,68.63%,0.375661,2025-09-19
LWLG,4.02,2025-10-17,27,Call,4.00,+4.53%,0.65,0.75,2374,2584,"+1,044",0.92,132.16%,0.624664,2025-09-19
PLTR,180.35,2025-10-31,41,Call,172.50,+5.42%,18.1,18.65,1576,1230,"+1,043",1.28,52.00%,0.667907,2025-09-19
MRVL,73.23,2025-09-26,6,Put,75.00,+1.00%,2.79,2.9,2784,1116,"+1,039",2.49,65.04%,-0.528321,2025-09-19
SBET,16.12,2026-01-16,118,Call,30.00,-73.11%,1.66,1.77,953,16263,"+1,037",0.06,115.37%,0.312501,2025-09-19
OWL,18.75,2025-11-21,62,Call,19.00,-0.53%,0.95,1.35,3362,10603,"+1,035",0.32,37.34%,0.51237,2025-09-19
NIO,7.34,2025-10-17,27,Call,10.00,-35.69%,0.15,0.17,785,13484,"+1,034",0.06,102.80%,0.173542,2025-09-19
CDLX,2.39,2025-10-17,27,Call,4.00,-64.61%,0.25,0.3,2440,1579,"+1,034",1.55,238.09%,0.329584,2025-09-19
NIO,7.34,2026-01-16,118,Call,9.00,-22.12%,0.82,0.84,1469,9281,"+1,028",0.16,80.95%,0.430264,2025-09-19
RGTI,26.52,2025-10-17,27,Put,20.00,-29.87%,0.74,0.78,800,1999,"+1,027",0.4,135.15%,-0.123612,2025-09-19
SOFI,29.33,2025-09-26,6,Put,26.50,-10.20%,0.13,0.14,1503,2848,"+1,023",0.53,68.69%,-0.101482,2025-09-19
IBRX,2.73,2027-01-15,482,Call,5.00,-83.15%,0.7,2,517,14914,"+1,021",0.03,114.36%,0.592076,2025-09-19
KSS,16.91,2025-10-03,13,Put,17.00,-1.51%,0.85,0.91,2077,4524,"+1,020",0.46,78.33%,-0.428425,2025-09-19
AAPL,247.58,2026-03-20,181,Call,360.00,-46.64%,0.24,0.28,1000,1857,"+1,017",0.54,23.64%,0.017173,2025-09-19
TTI,5.38,2025-12-19,90,Call,6.00,-13.21%,0.3,0.4,1500,1117,"+1,016",1.34,55.76%,0.392178,2025-09-19
KDP,26.67,2025-10-17,27,Call,28.00,-3.28%,0.4,0.45,664,6308,"+1,016",0.11,26.10%,0.340344,2025-09-19
HOOD,123.55,2025-09-26,6,Put,124.00,-0.63%,3.2,3.6,1729,1243,"+1,014",1.39,58.40%,-0.448711,2025-09-19
CDE,18.12,2025-10-17,27,Put,15.00,-13.89%,0.3,0.4,860,7013,"+1,014",0.12,68.00%,-0.182448,2025-09-19
BBAI,6.82,2025-10-17,27,Call,7.00,-2.19%,0.75,0.85,5954,13227,"+1,012",0.45,111.37%,0.536056,2025-09-19
WBD,19.43,2025-09-26,6,Call,19.00,+1.71%,0.97,1,3781,8790,"+1,011",0.43,81.84%,0.58838,2025-09-19
MRVL,73.23,2025-10-10,20,Call,85.00,-14.46%,0.76,0.88,612,1026,"+1,011",0.6,55.25%,0.167749,2025-09-19
CIFR,12.75,2026-01-16,118,Call,20.00,-62.87%,1.81,1.89,2334,2848,"+1,009",0.82,133.17%,0.401891,2025-09-19
BA,214.9,2025-09-26,6,Call,220.00,-2.02%,1.87,1.89,9387,2449,"+1,008",3.83,32.81%,0.325625,2025-09-19
AMD,157.32,2028-01-21,853,Put,130.00,-17.40%,21.35,22,850,1008,"+1,008",0.84,44.43%,-0.241763,2025-09-19
AAPL,247.58,2025-10-03,13,Call,242.50,+1.22%,6,6.1,6136,1975,"+1,008",3.11,22.73%,0.633205,2025-09-19
HOOD,123.55,2025-09-26,6,Call,124.00,+0.63%,4.05,4.2,4243,1487,"+1,006",2.85,57.71%,0.552261,2025-09-19
AMD,157.32,2025-10-17,27,Call,200.00,-27.07%,0.41,0.43,1676,13882,"+1,006",0.12,50.68%,0.049878,2025-09-19
SOUN,16,2025-11-21,62,Call,17.00,-4.62%,2.55,2.65,1345,1626,"+1,005",0.83,107.51%,0.554003,2025-09-19
JD,34.82,2025-12-19,90,Put,30.00,-14.53%,0.92,0.98,4148,21076,"+1,005",0.2,41.66%,-0.210824,2025-09-19
INTC,29.51,2026-06-18,271,Call,55.00,-85.94%,0.85,0.9,742,6731,"+1,005",0.11,54.46%,0.14426,2025-09-19
ASTS,47.15,2025-09-26,6,Call,50.00,-10.86%,0.66,0.72,3584,2497,"+1,004",1.44,97.59%,0.224769,2025-09-19
CIFR,12.75,2025-09-26,6,Put,11.50,-6.35%,0.46,0.53,552,3472,"+1,002",0.16,130.51%,-0.315765,2025-09-19
NICE,150.5,2026-02-20,153,Put,150.00,-2.24%,12,13.9,1355,1021,"+1,001",1.33,39.31%,-0.397201,2025-09-19
"Downloaded from Barchart.com as of 09-22-2025 08:09am CDT"
